No.,NAME,Enthalpy(KCal),MW,nTA,RBN,nDB,nCsp3,Rbrid,nR03,nR04,nR05,nR07,nR09,MAXDN,MAXDP,Psi_i_0d,X5A,SpPosA_X,SpMax_X,MATS6m,MATS7m,MATS8m,MATS4s,GGI8,JGI4,JGI7,SpMin8_Bh(e),Chi1_EA(dm),SM10_EA(dm),SM02_AEA(dm),Eig07_EA(bo),Eig02_EA(dm),Eig05_EA(dm),Eig07_EA(dm),Eig08_EA(dm),Eig09_EA(dm),Eig10_EA(dm),Eig10_AEA(bo),DISPm,VE1sign_RG,Mor16u,Mor24u,Mor26u,Mor30m,G2u,E2u,L2m,H0u,R3p+
1,C4H6,37.4283396,54.1,0,0,1,2,0,0,1,0,0,0,0.180555555555556,0.180555555555556,0.143911568312128,0.0,0.25,1.0,0.0,0.0,0.0,0.5625,0.0,0.0,0.0,0.0,0.0,0.0,0.0,0.0,0.0,0.0,0.0,0.0,0.0,0.0,0.0,1.53490533655487,0.000166151382403584,-0.113394613340871,-0.0469872718354585,0.253196047530682,0.023050909872875,1.0,0.808368399754281,0.639294564588577,3,0.0294446070178955
2,C4H8,6.7638698,56.12,0,0,0,4,0,0,1,0,0,0,0.0,0.0,0.112632641016475,0.0,0.25,1.0,0.0,0.0,0.0,0.5,0.0,0.0,0.0,0.0,0.0,0.0,0.0,0.0,0.0,0.0,0.0,0.0,0.0,0.0,0.0,0.0,0.0,0.152120525899544,-0.0645210555543784,0.0741108827595858,0.0513179841320248,1.0,0.807842848143197,0.677787921319551,3,0.025517563711833
3,C5H6,31.8116986,66.11,0,0,2,1,0,0,0,1,0,0,0.361111111111111,0.125,-0.100589869527131,0.0,0.323606797749979,1.0,0.0,0.0,0.0,0.764150943396227,0.0,0.0,0.0,0.0,4.41176470588235,0.0414091402634713,0.0,0.0,0.0,-0.68,0.0,0.0,0.0,0.0,0.0,1.17577604597919,0.138184132614697,0.208906646284407,-0.169955373905097,0.300866723221955,-0.0179922163650698,0.224243824217575,0.554491493949246,0.852050780641771,3,0.0315770081585163
4,C5H8,7.9828003999999995,68.13,0,0,1,3,0,0,0,1,0,0,0.180555555555556,0.236111111111111,-0.0835671452945791,0.0,0.323606797749979,1.0,0.0,0.0,0.0,0.521276595744681,0.0,0.0,0.0,0.0,1.47058823529412,0.0,0.0,0.0,0.0,0.0,0.0,0.0,0.0,0.0,0.0,1.58106419311387,0.0500934391446703,0.00970228219035086,-0.286935429660761,0.350694202636788,0.0303042091165574,0.212746053553363,0.460746854020127,0.892316910479129,3,0.0252582241266523
5,C5H8,29.0631296,68.13,1,0,1,3,0,0,1,0,0,0,0.231481481481481,0.760416666666667,-0.0901063465181272,0.0,0.281649658092773,1.0,0.0,0.0,0.0,0.00865450252891387,0.0,0.0,0.0,0.0,7.96207876819573,0.0414091402634713,0.0,0.0,0.0,-0.68,0.0,0.0,0.0,0.0,0.0,0.960214380552842,0.17693386889017,0.184602731594177,-0.316998635637893,0.155753444158487,0.0234706523960261,1.0,0.45667374026086,0.571511017641165,3,0.0336542601691431
6,C5H10,-18.3556608,70.15,0,0,0,5,0,0,0,1,0,0,0.0,0.0,-0.0672198498395889,0.0,0.323606797749979,1.0,0.0,0.0,0.0,0.5,0.0,0.0,0.0,0.0,0.0,0.0,0.0,0.0,0.0,0.0,0.0,0.0,0.0,0.0,0.0,0.0543645556804177,0.0,0.0303306852225754,-0.151681898394489,0.185518654643356,0.147446328369613,1.0,0.558770125057215,0.962300497900083,3,0.0202569855536968
7,C5H10,-1.6252408,70.15,1,0,0,5,0,0,1,0,0,0,0.268518518518519,0.309027777777778,-0.071955784156064,0.0,0.281649658092773,1.0,0.0,0.0,0.0,0.0784500839530971,0.0,0.0,0.0,0.0,0.0,0.0,0.0,0.0,0.0,0.0,0.0,0.0,0.0,0.0,0.0,0.961058373107286,0.272073530746588,0.212610601333122,-0.0666460577347856,0.179325365982648,0.0333740371982939,0.656238751504909,0.391775817697877,0.56501813255531,3,0.0269446999733657
8,C6H6,19.789696799999998,78.12,0,0,0,0,0,0,0,0,0,0,0.0,0.0,0.0652248010921193,0.125,0.333333333333333,1.0,0.0,0.0,0.0,0.0,0.0,0.0,0.0,0.0,0.0,0.0,0.0,0.0,0.0,0.0,0.0,0.0,0.0,0.0,0.0,0.0028748778249239,0.0,0.224828085167063,-0.163203663009137,0.198335958288668,0.070195068943261,1.0,0.52445357504073,1.11644376180668,2,0.0288909710810437
9,C6H8,25.358536599999997,80.14,0,0,2,2,0,0,0,0,0,0,0.361111111111111,0.180555555555556,0.056420592385066,0.125,0.333333333333333,1.0,0.0,0.0,0.0,0.0438596491228073,0.0,0.0,0.0,0.0,7.10062812462675,0.0811715282907806,0.0,0.0,0.68,-0.68,0.0,0.0,0.0,0.0,0.0,0.219530081841847,0.0,-0.0696689930413378,-0.231766597495566,0.143944418118978,-0.0147312421078372,1.0,0.453868667155279,1.15401813259551,3,0.028214949957512
10,C6H8,23.9006,80.14,1,0,2,2,0,0,0,1,0,0,0.333333333333333,0.162037037037037,0.0580245635422548,0.144337567297406,0.309007008073955,1.0,0.0,0.0,0.0,0.0100335229178316,0.0,0.0,0.0,0.0,5.32547109347006,0.855653117056074,0.0,0.0,0.0,0.0,0.0,0.0,0.0,0.0,0.0,2.75643240833696,0.316323404070806,0.301189809754151,-0.239181782711726,0.385302912599985,-0.0376723519506978,0.208014597676509,0.503226649629504,0.725346060060901,3,0.026847772563777
11,C6H8,25.382437200000002,80.14,0,0,2,2,0,0,0,0,0,0,0.267361111111111,0.180555555555556,0.056420592385066,0.125,0.333333333333333,1.0,0.0,0.0,0.0,-0.0584795321637425,0.0,0.0,0.0,0.0,0.0,0.0,0.0,0.0,0.0,0.0,0.0,0.0,0.0,0.0,0.0,1.77154785317462,0.0,-0.0621274565188148,-0.154944254819521,0.329241677124891,0.051169824395476,1.0,0.484310153662161,1.14296512899492,3,0.0314988410255027
12,C6H10,-1.1711294,82.1600000000001,0,0,1,4,0,0,0,0,0,0,0.180555555555556,0.267361111111111,0.0477555764901629,0.125,0.333333333333333,1.0,0.0,0.0,0.0,-0.0384615384615385,0.0,0.0,0.0,0.0,0.0,0.0,0.0,0.0,0.0,0.0,0.0,0.0,0.0,0.0,0.0,1.40636998943562,0.000112281105198592,0.177168276216132,-0.278781052663173,0.168919399228259,-0.00166220675434916,0.2,0.447386492571884,1.15387161502822,3,0.0283918210165456
13,C6H10,-0.9082228,82.1600000000001,1,0,1,4,0,0,0,1,0,0,0.174768518518519,0.319444444444444,0.0493281315804705,0.144337567297406,0.309007008073955,1.0,0.0,0.0,0.0,0.0022903409953138,0.0,0.0,0.0,0.0,6.10985373291066,0.0414091402634713,0.0,0.0,0.0,0.0,0.0,0.0,0.0,0.0,0.0,0.824837939860237,0.302387528435438,0.0673566419344267,-0.434939532982482,0.38950333277644,0.0310842954046258,0.242424242424243,0.517665379578984,0.777280334435208,3,0.0251622163862912
14,C6H10,1.5774396,82.1600000000001,1,0,1,4,0,0,0,1,0,0,0.467592592592593,0.277777777777778,0.0502949347635657,0.144337567297406,0.309007008073955,1.0,0.0,0.0,0.0,-0.0123493088254497,0.0,0.0,0.0,0.0,2.94117647058824,0.0,0.0,0.0,0.0,0.0,0.0,0.0,0.0,0.0,0.0,2.06847810743963,0.25806041020232,0.0507643532131771,-0.382608883000301,0.376800706121957,0.0148745369575398,0.2,0.439678526305171,0.813227399101332,3,0.0327412144687677
15,C6H10,3.1309785999999997,82.1600000000001,1,0,1,4,0,0,0,1,0,0,0.398148148148148,0.277777777777778,0.0502949347635657,0.144337567297406,0.309007008073955,1.0,0.0,0.0,0.0,0.00740365940480108,0.0,0.0,0.0,0.0,1.47058823529412,0.0,0.0,0.0,0.0,0.0,0.0,0.0,0.0,0.0,0.0,2.63717870594415,0.274746072123102,0.178465049810831,-0.210443384654045,0.359385408371541,0.0137725278729023,0.66374298017501,0.518959739975181,0.759414275078041,3,0.0260189147415085
16,C6H12,-29.4933404,84.1800000000001,0,0,0,6,0,0,0,0,0,0,0.0,0.0,0.0393271896605496,0.125,0.333333333333333,1.0,0.0,0.0,0.0,0.0,0.0,0.0,0.0,0.0,0.0,0.0,0.0,0.0,0.0,0.0,0.0,0.0,0.0,0.0,0.0,0.0,0.0,0.030934518736083,-0.268941945180255,-0.290942030380535,0.0222440039272962,1.0,0.510084319163196,1.18512289605352,3,0.0250268192318576
17,C6H12,-25.358536599999997,84.1800000000001,1,0,0,6,0,0,0,1,0,0,0.287037037037037,0.340277777777778,0.0417835726472895,0.144337567297406,0.309007008073955,1.0,0.0,0.0,0.0,0.00217071904585659,0.0,0.0,0.0,0.0,0.0,0.0,0.0,0.0,0.0,0.0,0.0,0.0,0.0,0.0,0.0,0.828333457524309,0.263874056456057,-0.10789007530719,-0.253681963752438,0.142935745943472,0.146915063402641,0.193426403617271,0.524452573615571,0.820906988693484,3,0.026052689217087
18,C6H12,-3.704593,84.18,2,0,0,6,0,0,1,0,0,0,0.300925925925926,0.327546296296296,0.0442689585008784,0.166666666666667,0.305555555555556,1.0,0.0,0.0,0.0,-0.256912346285328,0.0,0.0,0.0,0.0,0.0,0.0,0.0,0.0,0.0,0.0,0.0,0.0,0.0,0.0,0.0,1.43021383088833,0.00391318599159388,0.376584338260624,-0.129231556378112,0.300411277320459,0.0291503724006165,0.229653497467914,0.438591689662953,1.02996763599869,3,0.0361345642631586
19,C6H12,-3.704593,84.18,2,0,0,6,0,0,1,0,0,0,0.300925925925926,0.327546296296296,0.0442689585008784,0.166666666666667,0.305555555555556,1.0,0.0,0.0,0.0,-0.256912346285328,0.0,0.0,0.0,0.0,0.0,0.0,0.0,0.0,0.0,0.0,0.0,0.0,0.0,0.0,0.0,0.887267581589975,0.0,0.375039655463003,-0.136748829284552,0.240153041998566,0.0231993546787351,0.193426403617271,0.547077624967757,1.0958101558891,3,0.0308764374150625
20,C6H12,-8.652017200000001,84.18,2,0,0,6,0,0,1,0,0,0,0.291666666666667,0.319444444444444,0.0442689585008784,0.0,0.262891711531604,1.0,0.500000000000001,0.0,0.0,0.324839716970053,0.0,0.0,0.0,0.0,0.0,0.0,0.0,0.0,0.0,0.0,0.0,0.0,0.0,0.0,0.0,0.990847870917878,0.00138390300469453,0.379120526323162,-0.128800288101339,0.332097606968811,0.0100506279238414,0.5,0.38706085288065,0.490548433566656,3,0.020088158745785
21,C6H12,-8.652017200000001,84.18,2,0,0,6,0,0,1,0,0,0,0.291666666666667,0.319444444444444,0.0442689585008784,0.0,0.262891711531604,1.0,0.500000000000001,0.0,0.0,0.324839716970053,0.0,0.0,0.0,0.0,0.0,0.0,0.0,0.0,0.0,0.0,0.0,0.0,0.0,0.0,0.0,0.497790532293266,0.36486277238362,0.299274294004745,-0.185183860326342,0.265031351639041,0.0260957532023651,0.5,0.387117010002954,0.490548646772874,3,0.022225765356942
22,C6H12,-6.572665,84.1800000000001,1,1,0,6,0,0,1,0,0,0,0.217592592592593,0.281574074074074,0.0417835726472895,0.144337567297406,0.284517796864424,1.0,0.500000000000001,0.0,0.0,-0.130683624737948,0.0,0.111111111111111,0.0,0.0,0.0,0.0,0.0,0.0,0.0,0.0,0.0,0.0,0.0,0.0,0.0,1.30733127040883,0.171344286914507,0.281815638846462,-0.0917231106978541,0.0536690158164379,0.0410953524471564,0.24727316930104,0.415913776554739,0.550297994648975,3,0.0268981459623244
23,C7H8,12.0220018,92.15,1,0,0,1,0,0,0,0,0,0,0.344907407407407,0.0833333333333333,-0.0365550002699574,0.112630946286326,0.306499603481129,1.0,0.875000000000001,0.0,0.0,-0.139627065367174,0.0,0.111111111111111,0.0,0.0,1.47058823529412,0.0,0.0,-3.0,0.0,0.0,0.0,0.0,0.0,0.0,0.0,2.67175210363047,0.304093090519024,0.317148739783911,-0.201303709810627,0.239460163650836,0.0574537181088065,1.0,0.470482531173151,0.963916864776879,3,0.0267964759039544
24,C7H8,43.236185400000004,92.15,0,0,3,1,0,0,0,0,1,0,0.423611111111111,0.125,-0.0357399295195577,0.125,0.320997086245352,1.0,0.0,0.0,0.0,-0.315533980582524,0.0,0.0,0.0,0.0,4.41176470588235,0.0414091402634713,0.0,-2.56155281280883,0.0,0.0,-0.68,0.0,0.0,0.0,0.0,0.958431094526724,0.112911957402881,-0.123946996858538,-0.236236960706777,0.300288253870925,0.0555451613729624,1.0,0.536231287939405,1.29517809212645,3,0.0339287912748579
25,C7H10,21.51054,94.1700000000001,0,0,1,5,2,0,0,2,0,0,0.342592592592593,0.383101851851852,-0.0251474673817828,0.0833333333333334,0.301123774783438,1.0,0.0,0.0,0.0,0.155220250945149,0.0,0.0,0.0,0.0,4.41176470588235,0.0,-2.0,-1.73205080756888,0.0,0.0,0.0,0.0,0.0,0.0,0.0,1.51812182624366,0.0,0.111865232237934,-0.289701106695149,0.465670041780768,0.190793116384421,1.0,0.49702229856113,0.79119260480788,3,0.0333363276411926
26,C7H10,19.50049954,94.1700000000001,0,0,0,7,4,1,0,3,0,0,0.125,0.12037037037037,-0.0191932482251664,0.0580527207932398,0.283263188037933,1.0,0.0,0.0,0.0,0.653824849131087,0.0,0.0,0.0,0.0,0.0,0.0,-2.0,-1.44948974278318,0.0,0.0,0.0,0.0,0.0,0.0,0.0,0.921783877422603,0.240026865220376,-0.119578624142073,-0.455573576877819,0.14100939858281,0.203727778165038,0.235662642038864,0.471363585141661,0.743907747115338,3,0.0215257236361824
27,C7H12,-6.0229512,96.1900000000001,1,0,1,5,0,0,0,0,0,0,0.208333333333333,0.914166666666667,-0.0286153128350024,0.112630946286326,0.306499603481129,1.0,0.583333333333334,0.0,0.0,-0.0689911034903534,0.0,0.111111111111111,0.0,0.0,6.49149053290161,0.0414091402634713,0.0,-2.0,0.0,0.0,-0.68,0.0,0.0,0.0,0.0,1.07980835003929,0.0983193808181097,0.199649074521509,-0.445841090212552,0.194378506168216,0.0513574091748668,1.0,0.547714241044102,1.09595560782349,3,0.0276828957116768
28,C7H12,-4.7323188,96.1900000000001,1,1,1,5,0,0,0,1,0,0,0.222222222222222,0.375,-0.0277201529063344,0.123199819956686,0.32532013643248,1.0,0.583333333333334,0.0,0.0,-0.142953782476807,0.0,0.0625,0.0,0.0,7.58044196820478,0.0414091402634713,0.0,-2.3420634233559,0.0,0.0,-0.68,0.0,0.0,0.0,0.0,1.55772620476941,0.158158293480037,0.0485160083032158,-0.354676325521923,0.434268917554685,0.0437314995796231,0.295741627519717,0.490565870514695,0.689432184336871,3,0.0267488163638649
29,C7H12,-1.9359486,96.1900000000001,1,1,1,5,0,0,0,1,0,0,0.416666666666667,0.333333333333333,-0.028210296192533,0.123199819956686,0.32532013643248,1.0,0.583333333333334,0.0,0.0,-0.0227325176559422,0.0,0.0625,0.0,0.0,2.94117647058824,0.0,0.0,-2.26413113355433,0.0,0.0,0.0,0.0,0.0,0.0,0.0,2.25115258552743,0.169594965044026,0.371310731238557,-0.384772252093323,0.367147895222772,0.0391417979790616,0.190551412426773,0.415904601230344,0.776241338191386,3,0.0251521457538508
30,C7H12,-0.2151054,96.1900000000001,1,1,1,5,0,0,0,1,0,0,0.347222222222222,0.28587962962963,-0.028210296192533,0.123199819956686,0.32532013643248,1.0,0.583333333333334,0.0,0.0,0.0839732790463022,0.0,0.0625,0.0,0.0,1.47058823529412,0.0,0.0,-2.24749503476319,0.0,0.0,0.0,0.0,0.0,0.0,0.0,3.16096225913861,0.16375722161578,0.326815281158781,-0.279360396064463,0.364466053828714,0.0253261422485246,0.190551412426773,0.493021892285349,0.733976052491874,3,0.0235844673706961
31,C7H12,-9.3690352,96.1900000000001,2,0,1,5,0,0,0,1,0,0,0.146990740740741,0.238425925925926,-0.0285207675101073,0.117851130197758,0.299380748179772,1.0,0.0,0.0,0.0,-0.44494387009514,0.0,0.0,0.0,0.0,10.2941176470588,0.0811715282907806,0.0,-2.44014759743199,0.68,0.0,-0.68,0.0,0.0,0.0,0.0,0.851793965333166,0.0,0.170578578300715,-0.625688693317555,0.382465739659542,0.0253910045141704,1.0,0.612994057740443,1.37116372805279,3,0.0331902189816085
32,C7H12,-7.0984782,96.1900000000001,2,0,1,5,0,0,0,1,0,0,0.472222222222222,0.361111111111111,-0.0290122817711274,0.12761423749154,0.290458600229896,1.0,0.583333333333334,0.0,0.0,0.0804994232356192,0.0,0.0,0.0,0.0,7.58044196820478,0.0414091402634713,0.0,-2.35519690859205,0.0,0.0,-0.68,0.0,0.0,0.0,0.0,0.972486196802436,0.167332679656824,0.0239706085097838,-0.483747218638699,0.410418204546432,0.0223887414274853,0.224271055825639,0.522359780576552,0.825913368085126,3,0.0269616601186663
33,C7H12,-5.4254362,96.1900000000001,2,0,1,5,0,0,0,1,0,0,0.402777777777778,0.337962962962963,-0.0290122817711274,0.12761423749154,0.290458600229896,1.0,0.583333333333334,0.0,0.0,0.0868722942417724,0.0,0.0,0.0,0.0,6.10985373291066,0.0414091402634713,0.0,-2.33503573259529,0.0,0.0,-0.68,0.0,0.0,0.0,0.0,1.38212047933573,0.175041812644372,0.19775526600219,-0.420699194193564,0.438055398768675,0.0126186814677868,0.190551412426773,0.482025605514173,0.80147534408072,3,0.0236317753615792
34,C7H12,-6.9550746000000006,96.1900000000001,2,0,1,5,0,0,0,1,0,0,0.458333333333334,0.337962962962963,-0.0290122817711274,0.117851130197758,0.299380748179772,1.0,0.0,0.0,0.0,-0.410501320193002,0.0,0.0,0.0,0.0,9.0510302034989,0.0414091402634713,0.0,-2.34091112705176,0.0,0.0,-0.68,0.0,0.0,0.0,0.0,1.48683320987384,0.0233244369345722,0.125592682022397,-0.474337583673795,0.468663151868254,0.0148307887587343,0.190551412426773,0.462063689950905,1.23163806198436,3,0.0334276255332626
35,C7H12,-5.0430266,96.1900000000001,2,0,1,5,0,0,0,1,0,0,0.736111111111111,0.298611111111111,-0.0299112609100711,0.125,0.276072399461954,1.0,0.0,0.0,0.0,-0.0300335779131947,0.0,0.0,0.0,0.0,5.88235294117647,0.0,0.0,-2.28140791111564,0.0,0.0,0.0,0.0,0.0,0.0,0.0,2.07750523691835,0.354641654555882,0.183420482369314,-0.436822022276614,0.38859256432211,0.00891845523378571,0.190551412426773,0.486334999810009,0.718659473117879,3,0.0338652345041092
36,C7H12,-1.1233282,96.1900000000001,2,0,1,5,0,0,0,1,0,0,0.5,0.296296296296296,-0.0295045705822894,0.117851130197758,0.299380748179772,1.0,0.0,0.0,0.0,-0.346745291297454,0.0,0.0,0.0,0.0,2.94117647058824,0.0,0.0,-2.27646893340672,0.0,0.0,0.0,0.0,0.0,0.0,0.0,2.51018500502759,0.00387522984046596,0.0543861801723321,-0.391420548761663,0.479064398952907,0.0132599042189187,0.257706780097759,0.461107327981008,1.17099265512712,3,0.0353416250784872
37,C7H12,-2.7963701999999997,96.1900000000001,2,0,1,5,0,0,0,1,0,0,0.5,0.296296296296296,-0.0295045705822894,0.117851130197758,0.299380748179772,1.0,0.0,0.0,0.0,-0.346745291297454,0.0,0.0,0.0,0.0,2.94117647058824,0.0,0.0,-2.27646893340672,0.0,0.0,0.0,0.0,0.0,0.0,0.0,2.45130885368916,0.000563765668934041,0.194165102316483,-0.237722065755424,0.397829721164221,0.0017877195737664,0.224271055825639,0.459767385271806,1.47717485437684,3,0.0305332009450474
38,C7H12,-4.4694122,96.1900000000001,2,0,1,5,0,0,0,1,0,0,0.490740740740741,0.296296296296296,-0.0295045705822894,0.12761423749154,0.290458600229896,1.0,0.583333333333334,0.0,0.0,0.0440591261268081,0.0,0.0,0.0,0.0,4.41176470588235,0.0,0.0,-2.29240158522462,0.0,0.0,0.0,0.0,0.0,0.0,0.0,1.92143322091781,0.000508998219013818,0.195489659940183,-0.261797579788949,0.390985268330508,0.030270869215156,0.224271055825639,0.392229288359883,0.831186326416696,3,0.0274172831102507
39,C7H12,-3.9914001999999997,96.1900000000001,2,0,1,5,0,0,0,1,0,0,0.490740740740741,0.296296296296296,-0.0295045705822894,0.12761423749154,0.290458600229896,1.0,0.583333333333334,0.0,0.0,0.0440591261268081,0.0,0.0,0.0,0.0,4.41176470588235,0.0,0.0,-2.29240158522462,0.0,0.0,0.0,0.0,0.0,0.0,0.0,1.59351348027841,0.132654001324054,0.128145220909529,-0.331297535179636,0.377159861573664,0.0134759531799988,0.240573491212456,0.371208602807379,0.799848293777549,3,0.0285834585749123
40,C7H12,-1.6969425999999999,96.1900000000001,2,0,1,5,0,0,0,1,0,0,0.666666666666667,0.298611111111111,-0.0299112609100711,0.125,0.276072399461954,1.0,0.0,0.0,0.0,-0.0073995771670188,0.0,0.0,0.0,0.0,1.47058823529412,0.0,0.0,-2.26084793555694,0.0,0.0,0.0,0.0,0.0,0.0,0.0,2.54283921245126,0.387425460624869,0.119807584959739,-0.301672924925613,0.467443887066863,-0.0238737078065415,0.465915664416541,0.49313150528625,0.665275904476589,3,0.0334164641037286
41,C7H12,-2.1988551999999997,96.1900000000001,0,0,1,5,0,0,0,0,1,0,0.180555555555556,0.298611111111111,-0.0269219640425933,0.125,0.320997086245352,1.0,0.0,0.0,0.0,-0.261226725082147,0.0,0.0,0.0,0.0,0.0,0.0,0.0,-2.27059743540844,0.0,0.0,0.0,0.0,0.0,0.0,0.0,1.52387562108578,0.00761266056856389,0.225855869912303,-0.310428343195777,0.365046169264256,0.0387329211068685,0.190551412426773,0.476656157632995,1.31219024375324,3,0.0280779230624848
42,C7H12,-12.9541252,96.1900000000001,0,0,0,7,2,0,0,2,0,0,0.162037037037037,0.0833333333333334,-0.0208917863236448,0.0833333333333334,0.301123774783438,1.0,0.0,0.0,0.0,0.231696125751953,0.0,0.0,0.0,0.0,0.0,0.0,-2.0,-1.73205080756888,0.0,0.0,0.0,0.0,0.0,0.0,0.0,0.481367902351545,0.000109585967589698,0.152972285590428,-0.409507670670401,-0.064459338379567,0.272911498019174,1.0,0.519683223612444,0.850263972601077,3,0.0283553587124149
43,C7H12,0.4063102,96.1900000000001,1,0,0,7,1,1,0,1,0,0,0.388888888888889,0.435185185185185,-0.0225265866295318,0.0803214988215931,0.278598546730484,1.0,0.0,0.0,0.0,-0.0272857198888288,0.0,0.0,0.0,0.0,0.0,0.0,-2.0,-1.66690012504085,0.0,0.0,0.0,0.0,0.0,0.0,0.0,0.852081340650212,0.289044700173597,-0.109722495344023,-0.289896070156405,0.520160966306482,0.246590257895619,0.224271055825639,0.623343803130477,0.938741932844588,3,0.0288696829958662
44,C7H14,-28.298310400000002,98.2100000000001,0,0,0,7,0,0,0,0,1,0,0.0,0.0,-0.0226182398640681,0.125,0.320997086245352,1.0,0.0,0.0,0.0,-0.249999999999999,0.0,0.0,0.0,0.0,0.0,0.0,0.0,-1.80193773580484,0.0,0.0,0.0,0.0,0.0,0.0,0.0,0.00372297576642042,0.0166892372093442,0.327085901605048,-0.622228630764015,0.756679659159324,0.00932071383838535,1.0,0.491711591579228,1.29059343561514,3,0.0243678001855371
45,C7H14,-36.9742282,98.2100000000001,1,0,0,7,0,0,0,0,0,0,0.297453703703704,0.360277777777778,-0.0238777882450815,0.112630946286326,0.306499603481129,1.0,0.5,0.0,0.0,-0.0457356977983394,0.0,0.111111111111111,0.0,0.0,0.0,0.0,0.0,-2.0,0.0,0.0,0.0,0.0,0.0,0.0,0.0,0.686033330003879,0.259242803115945,0.197045836101535,-0.200270355901174,-0.19696105395692,0.00299092655513451,1.0,0.477552165883883,1.03206545075354,3,0.0225663000263392
46,C7H14,-30.329861400000002,98.2100000000001,1,1,0,7,0,0,0,1,0,0,0.236111111111111,0.301574074074074,-0.0238777882450815,0.123199819956686,0.32532013643248,1.0,0.5,0.0,0.0,0.00282764283452552,0.0,0.0625,0.0,0.0,0.0,0.0,0.0,-1.84576149174576,0.0,0.0,0.0,0.0,0.0,0.0,0.0,1.13655846959128,0.163704988000759,0.00968243532486797,-0.195678294406782,0.105350475241019,0.144581760007274,0.185449023415369,0.511403074188113,0.795495776329467,3,0.0225001271289893
47,C7H14,-33.0306292,98.2100000000001,2,0,0,7,0,0,0,1,0,0,0.555555555555556,0.361111111111111,-0.0255472196206453,0.125,0.276072399461954,1.0,0.0,0.0,0.0,-0.0250935550935551,0.0,0.0,0.0,0.0,0.0,0.0,0.0,-1.81679366689011,0.0,0.0,0.0,0.0,0.0,0.0,0.0,0.818081978246483,0.285246104866405,-0.174149404179777,-0.362196451871098,0.195858590633203,0.137932263463146,0.259499112927759,0.555357654740678,0.749113188020023,3,0.0283734367913218
48,C7H14,-30.951277,98.2100000000001,2,0,0,7,0,0,0,1,0,0,0.319444444444445,0.358796296296296,-0.0251474673817828,0.117851130197758,0.299380748179772,1.0,0.0,0.0,0.0,-0.308265223044679,0.0,0.0,0.0,0.0,0.0,0.0,0.0,-1.80193773580484,0.0,0.0,0.0,0.0,0.0,0.0,0.0,1.31385484419596,0.000100606498631084,-0.0837066572663234,-0.383651704502191,0.135801595295516,0.14278806480461,0.776591991751736,0.528160369282989,1.2229440725418,3,0.0339834668326182
49,C7H14,-32.6482196,98.2100000000001,2,0,0,7,0,0,0,1,0,0,0.319444444444445,0.358796296296296,-0.0251474673817828,0.117851130197758,0.299380748179772,1.0,0.0,0.0,0.0,-0.308265223044679,0.0,0.0,0.0,0.0,0.0,0.0,0.0,-1.80193773580484,0.0,0.0,0.0,0.0,0.0,0.0,0.0,0.914825502561721,0.00142506289442576,0.0925959629957528,-0.188748748030666,0.152350018930576,0.132679149862515,0.215011055865868,0.551657015219446,1.49653651997035,3,0.0306119719235328
50,C7H14,-32.4809154,98.2100000000001,2,0,0,7,0,0,0,1,0,0,0.310185185185185,0.350694444444444,-0.0251474673817828,0.12761423749154,0.290458600229896,1.0,0.5,0.0,0.0,0.109281403231182,0.0,0.0,0.0,0.0,0.0,0.0,0.0,-1.77571285573622,0.0,0.0,0.0,0.0,0.0,0.0,0.0,0.78802782566614,0.000466753783232216,0.0459176184116878,-0.253695298945087,0.153684940424924,0.134786641890673,0.185449023415369,0.489115627713371,0.862946565177139,3,0.0220087591607822
51,C7H14,-31.931201599999998,98.2100000000001,2,0,0,7,0,0,0,1,0,0,0.310185185185185,0.350694444444444,-0.0251474673817828,0.12761423749154,0.290458600229896,1.0,0.5,0.0,0.0,0.109281403231182,0.0,0.0,0.0,0.0,0.0,0.0,0.0,-1.77571285573622,0.0,0.0,0.0,0.0,0.0,0.0,0.0,0.453298426842429,0.0684444117449292,-0.0791871518395721,-0.344374590113367,0.143652105874376,0.136018981090862,0.215011055865868,0.493837311087329,0.872206625996264,3,0.0219076203073956
52,C8H8,35.3489874,104.16,1,1,1,0,0,0,0,0,0,0,0.493055555555556,0.630925925925926,0.0225446918872266,0.110517171552254,0.331513360338852,1.0,0.249999999999999,0.999999999999999,0.0,-0.152980615616321,0.0,0.0503703703703704,0.0,0.0,0.0,0.0,-2.0,-2.20821729475178,0.0,0.0,0.0,0.0,0.0,0.0,0.0,1.53275502780883,0.0977732364676063,0.168455601815436,-0.283747320502253,0.243733731876033,0.121167124103726,0.242424242424243,0.505285009621678,0.946854760753072,2,0.0274145757616673
53,C8H8,71.0086826,104.16,0,0,4,0,0,0,0,0,0,0,0.0,0.0,0.021676078456622,0.125,0.301776695296637,1.0,0.999999999999999,0.0,0.0,-0.142857142857143,0.0,0.0,0.0,0.0,0.0,0.0,-2.0,-2.0,0.0,0.0,0.0,0.0,0.0,0.0,0.0,0.00267027572170452,0.0,0.344168844370382,-0.228628978772881,-0.00197217267299965,0.171805669449231,1.0,0.508913103529217,1.32737770586075,3,0.0342131516271519
54,C8H10,7.146279399999999,106.18,1,1,0,2,0,0,0,0,0,0,0.360277777777778,0.162037037037037,0.0198492358007206,0.110517171552254,0.331513360338852,1.0,0.199999999999999,0.799999999999999,0.0,-0.307433135215178,0.0,0.0503703703703704,0.0,0.0,1.47058823529412,0.0,-2.0,-2.03944270150485,0.0,0.0,0.0,0.0,0.0,0.0,0.0,3.982240874412,0.170231454563209,0.226244464650627,-0.179627429936333,0.171014632284747,0.0787895814397135,1.0,0.436347266460017,0.851585360649862,3,0.0286644109641693
55,C8H10,4.5650146000000005,106.18,2,0,0,2,0,0,0,0,0,0,0.298611111111111,0.12037037037037,0.0202583733189694,0.102437739499033,0.310435158627585,1.0,0.799999999999999,0.0,0.0,-0.509492637117396,0.0,0.111111111111111,0.0,0.0,2.07972582701926,0.0,-2.0,-1.93649167310371,0.0,0.0,0.0,0.0,0.0,0.0,0.0,3.52847817127791,0.0,0.399076708314645,-0.183373665908373,0.346967141791979,0.0530713222941487,1.0,0.591847132119232,1.43846041449007,3,0.0303897724165361
56,C8H10,4.1348038,106.18,2,0,0,2,0,0,0,0,0,0,0.328703703703704,0.166666666666667,0.0202583733189694,0.0971404520791032,0.285557131297022,1.0,0.799999999999999,0.0,0.0,0.036381956027538,0.0,0.0740740740740741,0.0,0.0,4.41176470588235,0.0,-2.0,-2.035885506695,0.0,0.0,0.0,0.0,0.0,0.0,0.0,2.03731983702462,0.000564891312384408,0.313532960477177,-0.218468009997057,0.270492341680962,0.0476649722404538,0.193426403617271,0.477735296532433,1.31008115293108,3,0.0270589555632137
57,C8H10,4.302108,106.18,2,0,0,2,0,0,0,0,0,0,0.337407407407407,0.12037037037037,0.0202583733189694,0.108728154510364,0.307178388469542,1.0,-1.0,0.799999999999999,0.0,-0.281635162552162,0.0,0.151111111111111,0.0,0.0,2.94117647058824,0.0,-2.0,-2.08945417290014,0.0,0.0,0.0,0.0,0.0,0.0,0.0,0.00253141846186805,0.000152854777390465,0.383530463948312,-0.284796648934563,0.245855596467403,0.0379530588541956,1.0,0.436342920173375,0.85162001877551,3,0.0210126698869166
58,C8H10,37.89918142,106.18,0,0,2,4,2,0,0,1,1,0,0.533564814814815,0.351851851851852,0.0163062002730298,0.0853047795736105,0.302587491601176,1.0,0.0,0.0,0.0,-0.0965259724643154,0.0,0.0,0.0,0.0,7.70976571635189,0.0414091402634713,-1.82424268998275,-1.60652771605742,0.0,0.0,0.0,0.0,-0.68,0.0,0.0,1.13621317844494,0.155062910394328,0.0649701711596613,-0.198448347676192,0.393042500838888,0.0479406048929109,0.193426403617271,0.426649451203283,0.980158513851663,3,0.0348740566504492
59,C8H12,24.2352084,108.2,0,0,2,4,0,0,0,0,0,0,0.267361111111111,0.267361111111111,0.017213747059626,0.125,0.301776695296637,1.0,0.666666666666665,0.0,0.0,-0.105113636363636,0.0,0.0,0.0,0.0,0.0,0.0,-2.0,-2.0,0.0,0.0,0.0,0.0,0.0,0.0,0.0,1.17812363172411,0.00235451164366704,-0.334587174797413,-0.604627434868786,0.611107597252776,0.0747086975905066,0.285366954328595,0.516210883712821,1.32287479791721,3,0.027271034228087
60,C8H12,24.163506599999998,108.2,0,0,2,4,0,0,0,0,0,0,0.361111111111111,0.267361111111111,0.017213747059626,0.125,0.301776695296637,1.0,0.666666666666665,0.0,0.0,-0.125,0.0,0.0,0.0,0.0,5.02090229760749,0.0414091402634713,-2.0,-1.93543233197003,0.0,0.0,0.0,-0.68,0.0,0.0,0.0,1.35441509848336,0.00735395930025656,-0.155942461950633,-0.310658989049495,0.420015070821297,0.0839534030649677,0.437332087160034,0.489923547391739,1.44991720007044,3,0.0263326831308203
61,C8H12,15.559290599999999,108.2,1,1,2,4,0,0,0,0,0,0,0.569444444444445,0.750462962962963,0.0183255776649576,0.110517171552254,0.331513360338852,1.0,0.166666666666666,0.666666666666665,0.0,-0.0307060308528126,0.0,0.0503703703703704,0.0,0.0,2.51045114880375,0.0,-2.0,-1.91999046393042,0.0,0.0,0.0,0.0,0.0,0.0,0.0,0.786547890628105,0.0849295022848709,0.096504295800819,-0.285773769846216,0.327097418369663,0.0218319480211934,0.219416495904485,0.440822641789823,0.898645882315074,3,0.0270079337840424
62,C8H12,24.163506599999998,108.2,0,0,2,4,0,0,0,0,0,0,0.231805555555556,0.231805555555556,0.017213747059626,0.125,0.301776695296637,1.0,0.666666666666665,0.0,0.0,-0.184782608695653,0.0,0.0,0.0,0.0,0.0,0.0,-2.0,-1.73205080756888,0.0,0.0,0.0,0.0,0.0,0.0,0.0,2.01017441341297,0.00265655154438863,-0.22815697074474,-0.436854986794928,0.132652381837082,-0.0192611351421732,0.219416495904485,0.519366960410363,1.46252169679162,3,0.0298139614377778
63,C8H14,-9.6558424,110.22,1,2,1,6,0,0,0,1,0,0,0.174768518518519,0.40625,0.0154062736378172,0.116153904176446,0.317944697682642,1.0,-0.0105820105820113,0.57142857142857,0.0,0.117988321934573,0.0,0.03125,0.0,0.0,7.58044196820478,0.0414091402634713,-1.89761222239731,-1.80872140758082,0.0,0.0,0.0,-0.68,0.0,0.0,0.0,2.26396913391219,0.206028254791161,-0.000582409182921011,-0.36486940654365,0.367778817190511,0.0338160748518322,0.238012699564639,0.474053244986574,0.616071640471505,3,0.0183132711695895
64,C8H12,39.794499,108.2,2,2,2,4,0,0,1,0,0,0,0.590277777777778,0.733101851851852,0.0194403661813304,0.120234086798505,0.303000078027449,1.0,0.249999999999999,0.666666666666665,0.0,-0.057811941902111,0.0,0.0755555555555556,0.0,0.0,2.07972582701926,0.0,-2.0,-2.0,0.0,0.0,0.0,0.0,0.0,0.0,0.0,0.254547184281042,0.0105102258228511,-0.181300651185125,-0.277330981773229,0.284661568939165,0.00874604220297545,0.219416495904485,0.478112789292038,1.61062229752041,3,0.0302673185158643
65,C8H12,34.297361,108.2,2,2,2,4,0,0,1,0,0,0,0.590277777777778,0.733101851851852,0.0194403661813304,0.120234086798505,0.303000078027449,1.0,0.249999999999999,0.666666666666665,0.0,-0.057811941902111,0.0,0.0755555555555556,0.0,0.0,2.07972582701926,0.0,-2.0,-2.0,0.0,0.0,0.0,0.0,0.0,0.0,0.0,0.257833679466472,0.000289242860415484,-0.0291799579732444,-0.350251366747217,0.415209087072135,0.0218101776421741,0.187901824709108,0.581583039626447,1.6355902457998,3,0.0287313662998122
66,C8H12,5.5999105799999995,108.2,0,0,1,6,3,0,0,0,0,0,0.361111111111111,0.414351851851852,0.0141051480962665,0.0833333333333334,0.3125,1.0,0.0,0.0,0.0,-0.157989094861853,0.0,0.0,0.0,0.0,2.94117647058824,0.0,-2.0,-1.0,0.0,0.0,0.0,0.0,0.0,0.0,0.0,1.4965771130278,0.0,-0.331366697203995,-0.314294808356234,0.225877031498816,0.126513274778503,0.375803649418215,0.455447081702823,0.914725785608117,3,0.0314413369721256
67,C8H14,-9.6558424,110.22,3,0,1,6,0,0,0,1,0,0,0.462962962962963,0.311342592592593,0.0164632566030222,0.106288133693756,0.309029967522541,1.0,0.57142857142857,0.0,0.0,-0.439318411723741,0.0,0.0,0.0,0.0,13.2352941176471,0.0811715282907806,-1.82082227588221,-1.81190326998155,0.68,0.0,-0.68,-0.68,0.0,0.0,0.0,0.922048930752402,0.0719667027728468,0.199320495655188,-0.476588641992571,0.523406398210338,0.0146672765504971,0.210991164384537,0.510558894311515,1.40977823965264,3,0.0329839735370017
68,C8H14,-9.6558424,110.22,3,0,1,6,0,0,0,1,0,0,0.736111111111111,0.347222222222222,0.0169169271104935,0.102062072615966,0.272571636563697,1.0,0.0,0.0,0.0,-0.426482004797949,0.0,0.0,0.0,0.0,13.4627949093812,0.0414091402634713,-1.83904470828171,-1.72512395800558,0.0,0.0,0.0,-0.68,0.0,0.0,0.0,1.76212497564503,0.048597081283936,0.235645279690913,-0.550308840749342,0.558057489535648,0.0114264613942262,0.183169250913634,0.508289579243582,1.4076880359955,3,0.0334605548260178
69,C8H14,-7.0745776000000005,110.22,0,0,1,6,0,0,0,0,0,0,0.180555555555556,0.318611111111111,0.015003107406796,0.125,0.301776695296637,1.0,0.57142857142857,0.0,0.0,-0.138736263736264,0.0,0.0,0.0,0.0,0.0,0.0,-2.0,-1.60803807095072,0.0,0.0,0.0,0.0,0.0,0.0,0.0,1.42119830786689,0.0106218316634469,0.235977569642211,-0.261127605360289,0.217405069488571,-0.00961413159775812,0.183169250913634,0.498788271458574,1.45487559023392,3,0.0274314831276877
70,C8H14,-14.220857,110.22,1,0,1,6,0,0,0,0,0,0,0.128472222222222,0.276944444444445,0.0154062736378172,0.110517171552254,0.331513360338852,1.0,0.157894736842104,0.57142857142857,0.0,-0.167389049030115,0.0,0.0503703703703704,0.0,0.0,6.10985373291066,0.0414091402634713,-2.0,-2.0,0.0,0.0,0.0,-0.68,0.0,0.0,0.0,0.821330783646657,0.196556236622583,0.0695390287223402,-0.402863921164961,0.215375931069577,0.0558416923922789,0.183169250913634,0.502791232802689,1.04826815726909,3,0.0254124963552938
71,C8H14,-5.7600446000000005,110.22,1,2,1,6,0,0,0,1,0,0,0.340277777777778,0.724166666666667,0.0161058358418285,0.116153904176446,0.317944697682642,1.0,-0.0571428571428577,0.57142857142857,0.0,0.118867813225565,0.0,0.03125,0.0,0.0,0.0,0.0,-1.89761222239731,-1.6180339887499,0.0,0.0,0.0,0.0,0.0,0.0,0.0,0.999046860210684,0.173636225799977,-0.0262126493012158,-0.355215760390466,0.327362925172921,0.147867573674872,0.210991164384537,0.476873560644474,0.776201439223598,3,0.0188321512025733
72,C8H14,-23.69983496,110.22,0,0,0,8,3,0,0,0,0,0,0.180555555555556,0.0601851851851852,0.0119388941225407,0.0833333333333334,0.3125,1.0,0.0,0.0,0.0,-0.124200225596875,0.0,0.0,0.0,0.0,0.0,0.0,-2.0,-1.0,0.0,0.0,0.0,0.0,0.0,0.0,0.0,0.000175697424065652,0.0,-0.172011678493142,-0.50452416753069,-0.143642099162155,0.00498435176498922,0.238012699564639,0.495604706785953,0.934212194424264,3,0.02692573031902
73,C8H16,-29.851849400000003,112.24,0,0,0,8,0,0,0,0,0,0,0.0,0.0,0.0128203020581376,0.125,0.301776695296637,1.0,0.499999999999998,0.0,0.0,-0.117647058823529,0.0,0.0,0.0,0.0,0.0,0.0,-2.0,-1.41421356237309,0.0,0.0,0.0,0.0,0.0,0.0,0.0,0.000251220196611623,0.0351949638309937,0.618541881768663,-0.537096571967614,0.690830828245303,0.106073903436886,1.0,0.504063917204825,1.45312988856419,3,0.0236052510991977
74,C8H16,-35.372887999999996,112.24,1,2,0,8,0,0,0,1,0,0,0.222222222222222,0.29,0.0134609820212967,0.116153904176446,0.317944697682642,1.0,0.0,0.499999999999999,0.0,0.144668798425526,0.0,0.03125,0.0,0.0,0.0,0.0,-1.89761222239731,-1.6180339887499,0.0,0.0,0.0,0.0,0.0,0.0,0.0,1.52805560078437,0.202421021088735,0.105598412694775,-0.195216420521452,0.124183799991078,0.153739476654504,0.192201157707262,0.495784228211684,0.709344846752132,3,0.0168243618481165
75,C8H16,-37.0220294,112.24,2,1,0,8,0,0,0,1,0,0,0.513888888888889,0.416666666666667,0.0143076564175012,0.112796115882773,0.312658249801379,1.0,0.499999999999999,0.0,0.0,-0.197555403922033,0.0,0.0625,0.0,0.0,0.0,0.0,-1.86764821904434,-1.6180339887499,0.0,0.0,0.0,0.0,0.0,0.0,0.0,1.16759102031955,0.0185474122361039,-0.208696306800074,-0.257970553735716,0.290455234813306,0.11416608911525,0.179052231751041,0.482961762339773,0.732233219617062,3,0.033132388035716
76,C8H16,-40.2247098,112.24,2,1,0,8,0,0,0,1,0,0,0.305555555555556,0.390046296296296,0.0141051480962665,0.110759604092891,0.316836189234667,1.0,0.499999999999998,0.0,0.0,-0.0643667671494943,0.0,0.0416666666666667,0.0,0.0,0.0,0.0,-1.85804382523445,-1.69092729258452,0.0,0.0,0.0,0.0,0.0,0.0,0.0,1.29282605029093,0.242172617880209,0.00761062472965378,-0.343986102947156,0.108200218511407,0.13361976562439,0.203909540605051,0.460640162913459,1.37358199912765,3,0.0239428562126926
77,C8H16,-38.7906738,112.24,2,1,0,8,0,0,0,1,0,0,0.305555555555556,0.390046296296296,0.0141051480962665,0.110759604092891,0.316836189234667,1.0,0.499999999999998,0.0,0.0,-0.0643667671494943,0.0,0.0416666666666667,0.0,0.0,0.0,0.0,-1.85804382523445,-1.69092729258452,0.0,0.0,0.0,0.0,0.0,0.0,0.0,0.952419323944701,0.180298240554847,-0.0488337787906608,-0.48051484031283,0.134616872728551,0.127257435400493,0.179052231751041,0.460819411236073,1.33939564881396,3,0.0270949881984495
78,C8H16,-40.2247098,112.24,2,1,0,8,0,0,0,1,0,0,0.305601851851852,0.370694444444445,0.0141051480962665,0.115323623040265,0.313821431092763,1.0,0.0714285714285706,0.499999999999999,0.0,-0.015632346592093,0.0,0.0683333333333334,0.0,0.0,0.0,0.0,-1.84775906502258,-1.74911754774652,0.0,0.0,0.0,0.0,0.0,0.0,0.0,0.7224098076301,0.160113494680753,0.172790338665149,-0.198363656971988,0.325834854792185,0.148339207983608,0.179052231751041,0.466701572103136,0.759448286223928,3,0.0226862377873389
79,C8H16,-40.2247098,112.24,2,1,0,8,0,0,0,1,0,0,0.305601851851852,0.370694444444445,0.0141051480962665,0.115323623040265,0.313821431092763,1.0,0.0714285714285706,0.499999999999999,0.0,-0.015632346592093,0.0,0.0683333333333334,0.0,0.0,0.0,0.0,-1.84775906502258,-1.74911754774652,0.0,0.0,0.0,0.0,0.0,0.0,0.0,0.435155194310391,0.155042170944387,0.0652937135406857,-0.267644278052014,0.082596969008265,0.128529349464162,0.179052231751041,0.468999945418149,0.776703393818676,3,0.0219461231490543
80,C8H16,-36.567918,112.24,3,0,0,8,0,0,0,1,0,0,0.597222222222222,0.37962962962963,0.0149556304550355,0.102062072615966,0.272571636563697,1.0,0.0,0.0,0.0,-0.33172880927897,0.0,0.0,0.0,0.0,0.0,0.0,-1.83904470828171,-1.67818537215199,0.0,0.0,0.0,0.0,0.0,0.0,0.0,1.01574421409011,0.0101806624797902,-0.027611045166686,-0.470757951583137,0.232105748860394,0.126075561540502,0.179052231751041,0.487709504198215,1.36366266800817,3,0.033760663021811
81,C8H16,-37.7151468,112.24,3,0,0,8,0,0,0,1,0,0,0.583912037037037,0.371527777777778,0.0149556304550355,0.112630946286326,0.262825495085196,1.0,0.499999999999998,0.0,0.0,0.167209016163756,0.0,0.0,0.0,0.0,0.0,0.0,-1.82135901766761,-1.74593006781914,0.0,0.0,0.0,0.0,0.0,0.0,0.0,0.448667572134196,0.160073487150315,-0.0529462727791213,-0.353477741487013,0.234162418873028,0.1245411400775,0.227791729996295,0.462333534048507,0.779408262377114,3,0.0239288897034974
82,C8H16,-45.10043219999999,112.24,3,0,0,8,0,0,0,1,0,0,0.351851851851852,0.377314814814815,0.0147522852911447,0.106288133693756,0.309029967522541,1.0,0.499999999999999,0.0,0.0,-0.285192791614089,0.0,0.0,0.0,0.0,0.0,0.0,-1.82082227588221,-1.73205080756888,0.0,0.0,0.0,0.0,0.0,0.0,0.0,0.781789118148355,0.0341086367518577,-0.197968798900896,-0.426040880843332,0.310446284042841,0.114756156811609,0.227791729996295,0.433023648947967,1.31871941160065,3,0.0314141379513695
83,C8H16,-41.5153422,112.24,3,0,0,8,0,0,0,1,0,0,0.351851851851852,0.377314814814815,0.0147522852911447,0.106288133693756,0.309029967522541,1.0,0.499999999999999,0.0,0.0,-0.285192791614089,0.0,0.0,0.0,0.0,0.0,0.0,-1.82082227588221,-1.73205080756888,0.0,0.0,0.0,0.0,0.0,0.0,0.0,0.95568031188811,0.033624728398068,-0.143520571392558,-0.524685364982459,0.159395541740929,0.116255976022228,0.203909540605051,0.460344915294308,1.34591629203113,3,0.0302935944349352
84,C8H16,-45.10043219999999,112.24,3,0,0,8,0,0,0,1,0,0,0.351851851851852,0.377314814814815,0.0147522852911447,0.106288133693756,0.309029967522541,1.0,0.499999999999999,0.0,0.0,-0.285192791614089,0.0,0.0,0.0,0.0,0.0,0.0,-1.82082227588221,-1.73205080756888,0.0,0.0,0.0,0.0,0.0,0.0,0.0,1.49754808412997,0.070443576735258,-0.027574914503395,-0.497722046641699,0.33218080079342,0.151523377710768,0.227791729996295,0.468188510045557,1.26250814963078,3,0.029470491955106
85,C8H16,-45.10043219999999,112.24,3,0,0,8,0,0,0,1,0,0,0.342592592592593,0.369212962962963,0.0147522852911447,0.106189474520692,0.279632734878406,1.0,0.499999999999999,0.0,0.0,0.00041024969603914,0.0,0.0,0.0,0.0,0.0,0.0,-1.80193773580484,-1.76847177518393,0.0,0.0,0.0,0.0,0.0,0.0,0.0,1.16341386560863,0.0,0.105818767059926,-0.395622011970619,0.174296729971024,0.144397713716074,0.503807490535469,0.496992678802098,1.08526068622629,3,0.0345020357138168
86,C8H16,-37.9541528,112.24,3,0,0,8,0,0,0,1,0,0,0.342592592592593,0.369212962962963,0.0147522852911447,0.106189474520692,0.279632734878406,1.0,0.499999999999998,0.0,0.0,0.00041024969603914,0.0,0.0,0.0,0.0,0.0,0.0,-1.80193773580484,-1.76847177518393,0.0,0.0,0.0,0.0,0.0,0.0,0.0,1.16439612283159,0.0,0.116055333448436,-0.381385810124163,0.174136980984374,0.145409541446976,0.711968830712239,0.496953911726651,1.084286179573,3,0.0345041663160917
87,C8H16,-45.10043219999999,112.24,3,0,0,8,0,0,0,1,0,0,0.342592592592593,0.369212962962963,0.0147522852911447,0.106189474520692,0.279632734878406,1.0,0.499999999999998,0.0,0.0,0.00041024969603914,0.0,0.0,0.0,0.0,0.0,0.0,-1.80193773580484,-1.76847177518393,0.0,0.0,0.0,0.0,0.0,0.0,0.0,0.321752708969084,0.027849762648648,-0.154030286089091,-0.412191306467594,0.158590067818193,0.113238463370691,0.283420937938666,0.507286643749449,1.33574449733227,3,0.0300118488313573
88,C8H16,-41.706547,112.24,2,1,0,8,0,0,0,1,0,0,0.305601851851852,0.370694444444445,0.0141051480962665,0.115323623040265,0.313821431092763,1.0,0.0714285714285706,0.499999999999999,0.0,-0.0156323465920931,0.0,0.0683333333333334,0.0,0.0,0.0,0.0,-1.84775906502258,-1.74911754774652,0.0,0.0,0.0,0.0,0.0,0.0,0.0,0.434214982589175,0.154572103584451,0.0457604406766249,-0.272925618813911,0.0800767670758328,0.125375009591161,0.179052231751041,0.469453172055521,0.776964558472215,3,0.0219462867962086
89,C8H16,-40.989529,112.24,1,1,0,8,0,0,0,0,0,0,0.246527777777778,0.315462962962963,0.0134609820212967,0.110517171552254,0.331513360338852,1.0,0.142857142857142,0.499999999999999,0.0,-0.0702819344949861,0.0,0.0503703703703704,0.0,0.0,0.0,0.0,-2.0,-1.66239633021218,0.0,0.0,0.0,0.0,0.0,0.0,0.0,0.980211395906223,0.152892867072174,0.331482103687225,-0.242748962143135,-0.269200547770708,0.00538232986642759,0.179052231751041,0.471893890106577,0.989035085412417,3,0.022650084829518
90,C8H16,-43.236185400000004,112.24,2,0,0,8,0,0,0,0,0,0,0.571180555555556,0.381111111111111,0.0143076564175012,0.103033008588991,0.275888347648318,1.0,0.499999999999999,0.0,0.0,-0.0102858072122617,0.0,0.111111111111111,0.0,0.0,0.0,0.0,-2.0,-1.50350449893953,0.0,0.0,0.0,0.0,0.0,0.0,0.0,0.693354966176844,0.214546716254304,0.380250189589968,-0.281750867707885,-0.281504187313739,0.0,1.0,0.454300208215616,0.91731330647492,3,0.0286956663482051
91,C8H16,-41.1329326,112.24,2,0,0,8,0,0,0,0,0,0,0.329861111111111,0.378796296296296,0.0141051480962665,0.102437739499033,0.310435158627585,1.0,0.499999999999999,0.0,0.0,-0.229331701091797,0.0,0.111111111111111,0.0,0.0,0.0,0.0,-2.0,-1.4142135623731,0.0,0.0,0.0,0.0,0.0,0.0,0.0,0.980269674215994,0.0151236162376984,0.312240184650654,-0.21935230703315,-0.161725931032205,0.00374992190826888,0.227791729996295,0.485451984105968,1.17547688474003,3,0.0322773646345853
92,C8H16,-42.9971794,112.24,2,0,0,8,0,0,0,0,0,0,0.329861111111111,0.378796296296296,0.0141051480962665,0.102437739499033,0.310435158627585,1.0,0.499999999999999,0.0,0.0,-0.229331701091797,0.0,0.111111111111111,0.0,0.0,0.0,0.0,-2.0,-1.4142135623731,0.0,0.0,0.0,0.0,0.0,0.0,0.0,0.980222336701336,0.0,0.311198278509771,-0.10402904842562,-0.0351868914486777,-0.0161557465765133,1.0,0.546473771781326,1.4779827544596,3,0.0301527192778773
93,C8H16,-44.144408199999994,112.24,2,0,0,8,0,0,0,0,0,0,0.320601851851852,0.370694444444445,0.0141051480962665,0.0971404520791032,0.285557131297022,1.0,0.499999999999998,0.0,0.0,0.110673818573156,0.0,0.0740740740740741,0.0,0.0,0.0,0.0,-2.0,-1.53208888623796,0.0,0.0,0.0,0.0,0.0,0.0,0.0,0.692944830684552,0.0,0.356381199262419,-0.129344815543867,-0.0935739817078811,-0.0138267899559262,0.317632028024821,0.498491168374133,1.33751304508697,3,0.023232164381828
94,C8H16,-42.184559,112.24,2,0,0,8,0,0,0,0,0,0,0.320601851851852,0.370694444444445,0.0141051480962665,0.0971404520791032,0.285557131297022,1.0,0.499999999999998,0.0,0.0,0.110673818573156,0.0,0.0740740740740741,0.0,0.0,0.0,0.0,-2.0,-1.53208888623796,0.0,0.0,0.0,0.0,0.0,0.0,0.0,0.693063966293246,0.259676351114014,0.391846966181126,-0.272949050600864,-0.266760127137446,0.000209027908515449,0.203909540605051,0.484042462010161,1.12327287226905,3,0.0300595310151274
95,C8H16,-42.2084596,112.24,2,0,0,8,0,0,0,0,0,0,0.313703703703704,0.366944444444445,0.0141051480962665,0.108728154510364,0.307178388469542,1.0,-0.25,0.499999999999999,0.0,-0.109342741285709,0.0,0.151111111111111,0.0,0.0,0.0,0.0,-2.0,-1.56155281280883,0.0,0.0,0.0,0.0,0.0,0.0,0.0,0.980258469352481,0.115885285655169,0.257817494209703,-0.176816217100726,-0.189541813811818,0.0148432620897823,1.0,0.454300208215616,0.91731330647492,3,0.0243196854687814
96,C8H16,-44.096607,112.24,2,0,0,8,0,0,0,0,0,0,0.313703703703704,0.366944444444445,0.0141051480962665,0.108728154510364,0.307178388469542,1.0,-0.25,0.499999999999999,0.0,-0.109342741285709,0.0,0.151111111111111,0.0,0.0,0.0,0.0,-2.0,-1.56155281280883,0.0,0.0,0.0,0.0,0.0,0.0,0.0,0.0,0.0,0.38207223796247,-0.107914915967133,-0.111577950458302,-0.0197689786278643,1.0,0.454300208215617,0.91731330647492,3,0.0184500471845433
97,C9H8,39.0535804,116.17,0,0,1,1,1,0,0,1,0,1,0.378796296296296,0.199074074074074,-0.0109174656743724,0.0889519551181231,0.306473221362283,1.0,1.125,0.0,0.0,-0.220020664054211,0.0,0.0243055555555556,0.0,0.0,7.35294117647059,0.0414091402634713,-1.60501644190014,-1.47179354071267,0.0,0.0,0.0,0.0,0.0,-0.68,-0.627636731942845,0.98648873566114,0.141213154542393,0.555567044259354,-0.209264247974885,0.375091720317015,-0.0124776986819352,0.196561632232823,0.523843162911977,1.10225641349931,3,0.0283961170766582
98,C9H10,28.322211,118.19,2,1,1,1,0,0,0,0,0,0,0.545740740740741,0.825370370370371,-0.0122676169217606,0.104203635262791,0.304003675686957,1.0,0.117647058823528,0.899999999999999,0.0,-0.0991566383299938,0.0,0.0382222222222222,0.0,0.0,1.47058823529412,0.0,-1.73205080756888,-1.5,0.0,0.0,0.0,0.0,0.0,0.0,0.0,2.95689127539247,0.304703830353893,0.249947591836203,-0.220437927544771,0.298524064654641,0.0948378603912862,0.295741627519717,0.52288702996263,0.879429350026445,3,0.0319326357349288
99,C9H10,14.4837636,118.19,0,0,0,3,1,0,0,1,0,1,0.198240740740741,0.238425925925926,-0.00979937468127915,0.0889519551181231,0.306473221362283,1.0,0.899999999999999,0.0,0.0,-0.347552722210986,0.0,0.0243055555555556,0.0,0.0,3.55031406231338,0.0,-1.60501644190014,-1.25078135722255,0.0,0.0,0.0,0.0,0.0,0.0,-0.795241667642274,2.85492698629678,0.0675896482054835,0.133762870839799,-0.470267682935632,0.284767076876728,0.129535318666871,1.0,0.523757840465012,1.1147537831889,3,0.0264048626740677
100,C9H10,28.9914278,118.19,1,1,1,1,0,0,0,0,0,0,0.402777777777778,0.0833333333333333,-0.011832703273335,0.109107988396206,0.31844726708716,1.0,-0.0394444444444452,0.209090909090908,0.899999999999999,-0.00135338988752693,0.0,0.0302222222222222,0.0,0.0,0.0,0.0,-1.7816534525312,-1.5,0.0,0.0,0.0,0.0,0.0,0.0,0.0,2.95371662062319,0.219257698043894,0.135619665279703,-0.27358470502363,0.206581874084489,0.10520121023536,0.190551412426773,0.543883649532488,1.09313968458832,3,0.0288228676263603
101,C9H10,32.982828,118.19,1,2,1,1,0,0,0,0,0,0,0.526944444444445,0.655963718820862,-0.0120622407619253,0.109107988396206,0.31844726708716,1.0,0.0183006535947705,0.187499999999999,0.899999999999999,0.145128721697274,0.0,0.0302222222222222,0.0,0.0,7.35294117647059,0.0414091402634713,-1.7816534525312,-1.5,0.0,0.0,0.0,0.0,-0.68,0.0,0.0,2.57526345893273,0.187524847128677,0.00978652561706187,-0.319553762500578,0.369109270917826,0.0991181998216619,0.257706780097759,0.446151102105382,0.823484640452042,3,0.0297945596922557
102,C9H10,27.605193,118.19,2,1,1,1,0,0,0,0,0,0,0.476851851851852,0.672037037037037,-0.0122676169217606,0.102401868555693,0.310613185935108,1.0,0.00588235294117552,0.899999999999999,0.0,-0.044813109348169,0.0,0.0684444444444445,0.0,0.0,1.47058823529412,0.0,-1.70101578729159,-1.81546838295249,0.0,0.0,0.0,0.0,0.0,0.0,0.0,1.37320067153823,0.293407602330509,0.168821749838729,-0.331306537693435,0.313368454831907,0.106486861473547,0.190551412426773,0.468770290139982,1.17103934327941,3,0.0278521385146398
103,C9H10,28.298310400000002,118.19,2,1,1,1,0,0,0,0,0,0,0.446759259259259,0.691759259259259,-0.0122676169217606,0.100814400078302,0.314766627762526,1.0,0.56470588235294,0.899999999999999,0.0,-0.152036103510105,0.0,0.0524444444444445,0.0,0.0,1.47058823529412,0.0,-1.67261972839111,-1.8892075868702,0.0,0.0,0.0,0.0,0.0,0.0,0.0,2.26430471873988,0.281690983371984,0.250899493489732,-0.32105538103356,0.37224492616514,0.109371512575573,0.190551412426773,0.524462550316163,1.69934097314306,3,0.0266187828446531
104,C9H10,29.995252999999998,118.19,1,1,1,1,0,0,0,0,0,0,0.402777777777778,0.0833333333333333,-0.011832703273335,0.109107988396206,0.31844726708716,1.0,-0.0394444444444452,0.209090909090908,0.899999999999999,-0.00135338988752693,0.0,0.0302222222222222,0.0,0.0,0.0,0.0,-1.7816534525312,-1.5,0.0,0.0,0.0,0.0,0.0,0.0,0.0,4.06947949909641,0.278643563081159,0.201135905418971,-0.379072390658321,0.282155429834574,0.120620320281745,0.224271055825639,0.468995016587174,0.846673564418048,3,0.0293785491912717
105,C9H10,35.970403,118.19,0,1,0,3,0,1,0,0,0,0,0.424814814814815,0.219907407407407,-0.00992461790036028,0.0903566105643206,0.312492404379073,1.0,0.139999999999999,0.899999999999999,0.0,-0.411741927416676,0.0,0.0242222222222222,0.0,0.0,2.94117647058824,0.0,-1.0,-1.28039293196184,0.0,0.0,0.0,0.0,0.0,0.0,-0.841126184672401,2.70242366941888,0.00267105770747841,0.437115721408431,0.0417597134918789,0.360899067141008,0.0514229381766923,0.465915664416541,0.461280028611318,0.856036275447744,3,0.0296655108400753
106,C9H12,0.956024,120.21,2,1,0,3,0,0,0,0,0,0,0.674814814814815,0.203703703703704,-0.0110430613667454,0.104203635262791,0.304003675686957,1.0,0.0833333333333328,0.749999999999999,0.0,-0.163615038436761,0.0,0.0382222222222222,0.0,0.0,2.94117647058824,0.0,-1.73205080756888,-1.5,0.0,0.0,0.0,0.0,0.0,0.0,0.0,4.38547480765792,0.321745899651318,0.359920067540392,-0.258528189739514,0.0942289321923307,0.0635079691695333,0.185449023415369,0.411092567698416,0.799249037282714,3,0.0303177253776518
107,C9H12,-3.8001954000000002,120.21,3,0,0,3,0,0,0,0,0,0,0.3125,0.1875,-0.0111225181096235,0.0821332133044574,0.268245951374788,1.0,0.749999999999999,0.0,0.0,0.312473749912519,0.0,0.0555555555555556,0.0,0.0,8.8235294117647,0.0,-1.53208888623796,-2.03588550669499,0.0,0.0,0.0,0.0,0.0,0.0,0.0,0.00201061456123697,0.000810503171736726,0.254275952553367,-0.193909934843381,0.295482015724249,0.0410455459591519,0.276168141956729,0.522689576552848,2.32021883421624,3,0.0136811069181481
108,C9H12,-3.2982828,120.21,3,0,0,3,0,0,0,0,0,0,0.321203703703704,0.203703703703704,-0.0111225181096235,0.0951142971766964,0.295630329157713,1.0,0.166666666666666,0.749999999999999,0.0,-0.348611046099478,0.0,0.103333333333333,0.0,0.0,5.02090229760749,0.0,-1.58058512862003,-1.84476898361811,0.0,0.0,0.0,0.0,0.0,0.0,0.0,1.62177197797789,0.00878239605780965,0.424181255542485,-0.274145399989122,0.26920425093308,0.0368699425334773,0.215011055865868,0.510928190462573,1.36894009659783,3,0.0300352027534657
109,C9H12,0.3107078,120.21,2,1,0,3,0,0,0,0,0,0,0.354490740740741,0.18287037037037,-0.0109174656743724,0.100814400078302,0.314766627762526,1.0,0.458333333333332,0.749999999999999,0.0,-0.336266733385686,0.0,0.0524444444444445,0.0,0.0,2.07972582701926,0.0,-1.67261972839111,-1.87948088263774,0.0,0.0,0.0,0.0,0.0,0.0,0.0,4.18599206963273,0.18764590433796,0.395673592412306,-0.114839039021854,0.250616627842558,0.0532021147320698,0.215011055865868,0.493824796977492,1.42044187461665,3,0.0287688110132892
110,C9H12,-0.4302108,120.21,2,1,0,3,0,0,0,0,0,0,0.359444444444445,0.222222222222222,-0.0109174656743724,0.102401868555693,0.310613185935108,1.0,0.0208333333333329,0.749999999999999,0.0,-0.191818545181775,0.0,0.0684444444444445,0.0,0.0,4.41176470588235,0.0,-1.70101578729159,-1.77968707316525,0.0,0.0,0.0,0.0,0.0,0.0,0.0,2.78309111840555,0.137883737200376,0.274196281978697,-0.193554908885989,0.220932595906124,0.0687239946533218,0.215011055865868,0.438930283749362,1.282850721707,3,0.0282685208811336
111,C9H12,-0.7648192,120.21,2,1,0,3,0,0,0,0,0,0,0.360833333333333,0.175925925925926,-0.0109174656743724,0.0981266748466582,0.312944064547525,1.0,-0.144444444444445,-0.125,0.749999999999999,-0.359310057652491,0.0,0.0855555555555556,0.0,0.0,2.94117647058824,0.0,-1.71218766680861,-1.5,0.0,0.0,0.0,0.0,0.0,0.0,0.0,1.731281532531,0.167444903666728,0.288398726873063,-0.300194285105574,0.153713722080441,0.0552682861095353,1.0,0.413485075357412,0.765529463602616,3,0.0263006861327408
112,C9H12,-1.9359486,120.21,3,0,0,3,0,0,0,0,0,0,0.282407407407407,0.157407407407407,-0.0111225181096235,0.0893419084153975,0.302277463125401,1.0,0.749999999999999,0.0,0.0,-0.51389634218534,0.0,0.0833333333333334,0.0,0.0,2.81501994466632,0.0,-1.53208888623796,-1.91958284950308,0.0,0.0,0.0,0.0,0.0,0.0,0.0,3.24354384569147,0.0771827757959188,0.434917726711579,-0.177102411946032,0.375862585384243,0.0545832353284461,0.185449023415369,0.47062497270272,1.90328807232766,3,0.0255069649560042
113,C9H12,1.8881474,120.21,1,2,0,3,0,0,0,0,0,0,0.290833333333333,0.201388888888889,-0.0107124940107239,0.109107988396206,0.31844726708716,1.0,-0.0277777777777781,0.166666666666666,0.749999999999999,-0.0636251835354678,0.0,0.0302222222222222,0.0,0.0,1.47058823529412,0.0,-1.7816534525312,-1.5,0.0,0.0,0.0,0.0,0.0,0.0,0.0,5.43459786576532,0.203395671504523,0.3449524299024,-0.265867831986784,0.221046781625723,0.0848376491236298,1.0,0.413464862387014,0.765504623331317,3,0.0295655774877675
114,C9H16,-14.6271672,124.25,1,3,1,7,0,0,0,1,0,0,0.155416666666667,0.42625,-0.00848240899207944,0.112630946286326,0.322013559681342,1.0,-0.168771043771044,-0.0162037037037044,0.562499999999999,0.0215515879644109,0.0,0.025,0.0,0.0,7.58044196820478,0.0414091402634713,-1.6180339887499,-1.53171017332513,0.0,0.0,0.0,0.0,-0.68,0.0,0.0,2.82852093378142,0.185079528739203,0.0809921048903152,-0.321155005041484,0.450883420644514,0.0270438091959664,0.235255406627721,0.457332473932772,0.577363202553108,3,0.0192665940235268
115,C9H16,-14.6271672,124.25,3,1,1,7,0,0,0,1,0,0,0.459537037037037,0.37962962962963,-0.00913875006748935,0.102279615925824,0.288181492456013,1.0,-0.330357142857143,0.562499999999999,0.0,0.062898002668179,0.0,0.082,0.0,0.0,6.10985373291066,0.0414091402634713,-1.75061920011929,-1.49295948152352,0.0,0.0,0.0,0.0,-0.68,0.0,0.0,2.10215084635199,0.263458449453447,0.296598000223198,-0.458684906266772,0.435390279552471,0.0107228728483153,0.200769380412502,0.537294422755901,1.06648551316892,3,0.0207732340147939
116,C9H16,-14.6271672,124.25,3,1,1,7,0,0,0,1,0,0,0.546342592592593,0.435185185185185,-0.00913875006748935,0.102279615925824,0.288181492456013,1.0,-0.00568181818181884,0.562499999999999,0.0,-0.154617926261874,0.0,0.082,0.0,0.0,11.9922066740871,0.0414091402634713,-1.75061920011928,-1.30058961066654,0.0,0.0,0.0,0.0,-0.68,0.0,0.0,1.36737540315066,0.237698654345434,0.228530313777242,-0.450069977880961,0.239451848377711,0.0676151390853243,0.223322846087913,0.515171927876566,0.780730126422127,3,0.0226510169565047
117,C9H18,-40.2247098,126.27,1,3,0,9,0,0,0,1,0,0,0.217638888888889,0.286658163265306,-0.00750155370339801,0.112630946286326,0.322013559681342,1.0,-0.115384615384616,0.0,0.499999999999998,0.0403842224137559,0.0,0.025,0.0,0.00605934175601099,0.0,0.0,-1.6180339887499,-1.53048761800612,0.0,0.0,0.0,0.0,0.0,0.0,0.0,1.75512120254104,0.186087679265343,0.229367690615469,-0.1213548649908,0.143273448713722,0.149902052536634,0.17376534287144,0.48016415663684,0.702113341597066,3,0.0162521877706251
118,C9H18,-41.5631434,126.27,2,2,0,9,0,0,0,1,0,0,0.409166666666667,0.331666666666667,-0.00782682262740717,0.105274416586204,0.289558479640868,1.0,-0.125000000000001,0.499999999999998,0.0,0.234861869606811,0.0,0.0325,0.0,0.0,0.0,0.0,-1.6180339887499,-1.44568492298125,0.0,0.0,0.0,0.0,0.0,0.0,0.0,1.41048346459232,0.329586357575668,0.138414842723816,-0.402754059347206,0.0387480001103575,0.145842717067333,0.17376534287144,0.549365098311257,0.652574138993132,3,0.0181111210113832
119,C9H18,-41.5631434,126.27,2,2,0,9,0,0,0,1,0,0,0.340277777777778,0.398796296296296,-0.00782682262740717,0.100592231765546,0.32205973760723,1.0,0.142857142857142,0.499999999999998,0.0,-0.0592648922366493,0.0,0.0416666666666667,0.0,0.0,0.0,0.0,-1.6180339887499,-1.46350616967028,0.0,0.0,0.0,0.0,0.0,0.0,0.0,1.51852932829188,0.0336116140654334,0.173697690600298,-0.185183337154604,0.140147941945874,0.101043905221196,0.17376534287144,0.541654952278017,1.07514714125918,3,0.028578636499081
120,C9H18,-42.3996644,126.27,3,1,0,9,0,0,0,1,0,0,0.670138888888889,0.364074074074074,-0.00825553465872692,0.0945887503741502,0.266406726080088,1.0,0.499999999999998,0.0,0.0,0.0509004941147763,0.0,0.0625,0.0,0.0,0.0,0.0,-1.6180339887499,-1.27265087452537,0.0,0.0,0.0,0.0,0.0,0.0,0.0,1.04135577020387,0.270272408832104,0.58634756891221,-0.321578941684672,0.0288884248018878,0.100206789884036,0.378476217705878,0.567611956248257,0.96730360647528,3,0.0227221833348104
121,C9H18,-36.6635204,126.27,2,2,0,9,0,0,0,1,0,0,0.505208333333334,0.447916666666667,-0.0079289736213475,0.106694173824159,0.299487035278213,1.0,0.115384615384614,0.499999999999998,0.0,0.0683389294884456,0.0,0.025,0.0,0.0258859166523193,0.0,0.0,-1.6180339887499,-1.57256035999715,0.0,0.0,0.0,0.0,0.0,0.0,0.0,1.39475494242057,0.262484659304874,-0.102177742202785,-0.295607547414313,0.276423122508605,0.118111983338993,0.17376534287144,0.381974845952378,0.705476518382442,3,0.0275358188943914
122,C9H18,-45.1482334,126.27,2,2,0,9,0,0,0,1,0,0,0.300972222222222,0.410046296296296,-0.00782682262740717,0.112957744130368,0.309535522148608,1.0,-0.115384615384616,0.499999999999998,0.0,-0.0635040375893939,0.0,0.041,0.0,0.0,0.0,0.0,-1.70641732263945,-1.51327165773481,0.0,0.0,0.0,0.0,0.0,0.0,0.0,1.67895625435952,0.0319576329371043,0.0452134405993263,-0.275069992370701,0.0900761219267716,0.146970572281943,0.17376534287144,0.437107111587234,1.23465260636493,3,0.0235408406526673
123,C9H18,-45.1482334,126.27,2,2,0,9,0,0,0,1,0,0,0.300972222222222,0.410046296296296,-0.00782682262740717,0.112957744130368,0.309535522148608,1.0,-0.115384615384616,0.499999999999998,0.0,-0.0635040375893939,0.0,0.041,0.0,0.0,0.0,0.0,-1.70641732263945,-1.51327165773481,0.0,0.0,0.0,0.0,0.0,0.0,0.0,1.30560088443498,0.1760371703518,0.0816241676721747,-0.348023811802137,0.285147094505989,0.156815726105491,0.195139702339968,0.426092037048347,1.26351888536326,3,0.025547537848462
124,C9H18,-45.1482334,126.27,2,2,0,9,0,0,0,1,0,0,0.30412037037037,0.384583333333333,-0.00782682262740717,0.106692655161953,0.304503700174097,1.0,0.0,0.0714285714285709,0.499999999999999,0.0893085177772689,0.0,0.041,0.0,0.0,0.0,0.0,-1.75144211230436,-1.42937497002545,0.0,0.0,0.0,0.0,0.0,0.0,0.0,1.09212023834871,0.188307142446551,0.181146054306828,-0.188933795497054,0.255996009016695,0.140728578950038,0.17376534287144,0.457109678240331,0.710359978257933,3,0.0178308119731845
125,C9H18,-45.1482334,126.27,2,2,0,9,0,0,0,1,0,0,0.30412037037037,0.384583333333333,-0.00782682262740717,0.106692655161953,0.304503700174097,1.0,0.0,0.0714285714285709,0.499999999999999,0.0893085177772689,0.0,0.041,0.0,0.0,0.0,0.0,-1.75144211230436,-1.42937497002545,0.0,0.0,0.0,0.0,0.0,0.0,0.0,0.868979140422221,0.194180487701647,0.190382957124559,-0.268190802013028,0.133215244193649,0.140911451734534,0.185093542866003,0.459643592318755,0.71727083930651,3,0.0172713560394911
126,C9H18,-37.9302522,126.27,3,1,0,9,0,0,0,1,0,0,0.555555555555556,0.435185185185185,-0.00825553465872692,0.100323232220159,0.28815351849972,1.0,0.499999999999998,0.0,0.0,-0.254025801052691,0.0,0.0625,0.0,0.0,0.0,0.0,-1.61803398874989,-1.46769145711308,0.0,0.0,0.0,0.0,0.0,0.0,0.0,0.881106763818504,0.114216947729064,0.0536386895070559,-0.152066283769148,0.333684443684089,0.110446726102664,0.215409154160217,0.431494216312658,1.05977097250032,3,0.0288339211527887
127,C9H18,-46.4149652,126.27,3,1,0,9,0,0,0,1,0,0,0.414351851851852,0.400462962962963,-0.00815310013651492,0.0999921717511077,0.290580466422787,1.0,0.499999999999998,0.0,0.0,0.0941740693596558,0.0,0.0416666666666667,0.0,0.0,0.0,0.0,-1.69883049027759,-1.44418403519161,0.0,0.0,0.0,0.0,0.0,0.0,0.0,1.35994091402662,0.0329365153671392,-0.0710542544593091,-0.417022449245402,0.498454102628584,0.0817418803442677,0.195139702339968,0.533258602428562,1.42649398993331,3,0.0234256556704205
128,C9H18,-46.4149652,126.27,3,1,0,9,0,0,0,1,0,0,0.414351851851852,0.400462962962963,-0.00815310013651492,0.0999921717511077,0.290580466422787,1.0,0.499999999999998,0.0,0.0,0.0941740693596558,0.0,0.0416666666666667,0.0,0.0,0.0,0.0,-1.69883049027759,-1.44418403519161,0.0,0.0,0.0,0.0,0.0,0.0,0.0,1.19477815830851,0.0566358020880502,0.00866419775841815,-0.286764999997662,0.245553697617731,0.0807858498852122,0.205155442215294,0.544626755654319,1.55243466414139,3,0.0233117648465072
129,C9H18,-46.4149652,126.27,3,1,0,9,0,0,0,1,0,0,0.407453703703704,0.377361111111111,-0.00815310013651492,0.102279615925824,0.288181492456013,1.0,-0.0454545454545462,0.499999999999998,0.0,-0.0359623929587714,0.0,0.082,0.0,0.0,0.0,0.0,-1.75061920011929,-1.29984061790765,0.0,0.0,0.0,0.0,0.0,0.0,0.0,0.754111469427108,0.257227035967606,0.263662771062016,-0.178678073845829,0.283929560446125,0.113364952736459,0.195139702339968,0.53797134356223,1.11258336006523,3,0.0200640155331669
130,C9H18,-46.4149652,126.27,3,1,0,9,0,0,0,1,0,0,0.407453703703704,0.377361111111111,-0.00815310013651492,0.102279615925824,0.288181492456013,1.0,-0.0454545454545462,0.499999999999998,0.0,-0.0359623929587714,0.0,0.082,0.0,0.0,0.0,0.0,-1.75061920011929,-1.29984061790765,0.0,0.0,0.0,0.0,0.0,0.0,0.0,0.726215450658712,0.230001935887352,0.166882974495886,-0.22847207497013,0.18932465412212,0.120694562204703,0.215409154160217,0.538904858293238,1.12420694791873,3,0.0204319860090736
131,C9H18,-36.6635204,126.27,2,2,0,9,0,0,0,1,0,0,0.472222222222222,0.342083333333333,-0.0079289736213475,0.106694173824159,0.3284240440386,1.0,0.499999999999998,0.0,0.0,-0.135196523800119,0.0,0.05,0.0,0.0287041670305917,0.0,0.0,-1.6180339887499,-1.6180339887499,0.0,0.0,0.0,0.0,0.0,0.0,0.0,1.27319715672772,0.178908956450679,0.00564720252960488,-0.254892150208441,0.400037101749456,0.118168154633342,0.17376534287144,0.495235498443493,1.21906341200357,3,0.0252582857249564
132,C9H18,-45.1482334,126.27,2,2,0,9,0,0,0,1,0,0,0.25462962962963,0.331990740740741,-0.00782682262740717,0.113819710554481,0.327837265009946,1.0,0.285714285714284,0.499999999999998,0.0,-0.00455055529950633,0.0,0.055,0.0,0.0,0.0,0.0,-1.76510819627137,-1.50583397968898,0.0,0.0,0.0,0.0,0.0,0.0,0.0,1.01595661091194,0.000618109902579378,0.00641998084715387,-0.214158546039746,0.218876488510629,0.124084106050041,0.195139702339968,0.493821665493559,1.78627320884269,3,0.0224634300883996
133,C9H18,-45.1482334,126.27,2,2,0,9,0,0,0,1,0,0,0.25462962962963,0.331990740740741,-0.00782682262740717,0.113819710554481,0.327837265009946,1.0,0.285714285714284,0.499999999999998,0.0,-0.00455055529950633,0.0,0.055,0.0,0.0,0.0,0.0,-1.76510819627137,-1.50583397968898,0.0,0.0,0.0,0.0,0.0,0.0,0.0,0.690752281636837,0.0840124303939314,0.13629037973555,-0.390508144117236,0.224039659225873,0.12399261314272,0.185093542866003,0.489020209217588,1.59534690667404,3,0.0230571743568952
134,C9H18,-45.1482334,126.27,2,2,0,9,0,0,0,1,0,0,0.254675925925926,0.32212962962963,-0.00782682262740717,0.10216122253211,0.326167515097667,1.0,0.0909090909090902,0.0,0.499999999999998,-0.0793789542519761,0.0,0.066,0.0,0.0,0.0,0.0,-1.8270909152852,-1.33826121271772,0.0,0.0,0.0,0.0,0.0,0.0,0.0,0.424258571862504,0.0126807558714492,0.215394892299685,-0.141213734203104,0.255850639014611,0.128533543706258,0.195139702339968,0.461367087767521,0.709910535297936,3,0.0198376109608351
135,C9H18,-45.1482334,126.27,2,2,0,9,0,0,0,1,0,0,0.254675925925926,0.32212962962963,-0.00782682262740717,0.10216122253211,0.326167515097667,1.0,0.0909090909090902,0.0,0.499999999999998,-0.0793789542519761,0.0,0.066,0.0,0.0,0.0,0.0,-1.8270909152852,-1.33826121271772,0.0,0.0,0.0,0.0,0.0,0.0,0.0,0.330823373868438,0.0334930692765953,0.231782769974505,-0.381774584895873,0.0459441070175882,0.119822736678712,0.195139702339968,0.467361348821949,0.714978160969885,3,0.0209963100155505
136,C9H18,-41.5153422,126.27,3,1,0,9,0,0,0,1,0,0,0.588541666666667,0.41087962962963,-0.00825553465872692,0.0998731872093303,0.291096420840008,1.0,0.499999999999998,0.0,0.0,-0.054634333332964,0.0,0.03125,0.0,0.0,0.0,0.0,-1.73205080756888,-1.44394196167648,0.0,0.0,0.0,0.0,0.0,0.0,0.0,0.965111668437427,0.241542117548793,0.0869994850685223,-0.423309015634487,0.202979906918062,0.122489161553807,0.195139702339968,0.469889714144158,1.38797845607498,3,0.0292045152274309
137,C9H18,-41.5153422,126.27,3,1,0,9,0,0,0,1,0,0,0.582662037037037,0.391527777777778,-0.00825553465872692,0.104125773568329,0.28749794122811,1.0,-0.100000000000001,0.499999999999998,0.0,0.0248763653594416,0.0,0.07125,0.0,0.0,0.0,0.0,-1.80423220182284,-1.27768156374504,0.0,0.0,0.0,0.0,0.0,0.0,0.0,0.360292835039418,0.162452324031395,-0.0622864908843153,-0.569783959456595,0.185074859393001,0.120577564263008,0.248928175244819,0.452346973770028,0.706917266028722,3,0.0217713384393882
138,C9H18,-41.5153422,126.27,3,1,0,9,0,0,0,1,0,0,0.555555555555556,0.435185185185185,-0.00825553465872692,0.0974559912971544,0.305453302368575,1.0,0.499999999999998,0.0,0.0,-0.307631462834574,0.0,0.0416666666666667,0.0,0.0,0.0,0.0,-1.69158942578117,-1.46168476796282,0.0,0.0,0.0,0.0,0.0,0.0,0.0,1.12967192909887,0.105417047972278,0.00413586906609158,-0.367729763381166,0.394698862276174,0.102020683582524,0.195139702339968,0.456425644158932,1.27025468412201,3,0.0335104425114547
139,C9H18,-41.5153422,126.27,3,1,0,9,0,0,0,1,0,0,0.555555555555556,0.435185185185185,-0.00825553465872692,0.0974559912971545,0.305453302368575,1.0,0.499999999999998,0.0,0.0,-0.307631462834574,0.0,0.0416666666666667,0.0,0.0,0.0,0.0,-1.69158942578117,-1.46168476796282,0.0,0.0,0.0,0.0,0.0,0.0,0.0,1.15421908803876,0.0691603839851395,-0.0167502895737538,-0.452181348498288,0.324764256466487,0.10427456148914,0.226049759994302,0.445646774090865,1.23662212934762,3,0.0314120984107667
140,C9H18,-50.0239558,126.27,3,1,0,9,0,0,0,1,0,0,0.338009259259259,0.389212962962963,-0.00815310013651492,0.103268037978399,0.305058009801187,1.0,-0.1,0.499999999999999,0.0,-0.154556186587077,0.0,0.07125,0.0,0.0,0.0,0.0,-1.80193773580484,-1.43525472043866,0.0,0.0,0.0,0.0,0.0,0.0,0.0,1.05621087405956,0.00937786465121571,0.229663006053398,-0.410232578395724,0.327074727452592,0.110684094525985,0.215409154160217,0.481334214651423,1.05642639975449,3,0.0338000983150608
141,C9H18,-50.0239558,126.27,3,1,0,9,0,0,0,1,0,0,0.338009259259259,0.389212962962963,-0.00815310013651492,0.103268037978399,0.305058009801187,1.0,-0.1,0.499999999999999,0.0,-0.154556186587077,0.0,0.07125,0.0,0.0,0.0,0.0,-1.80193773580484,-1.43525472043866,0.0,0.0,0.0,0.0,0.0,0.0,0.0,0.934470488554372,0.00719241475585811,0.283387864973359,-0.342408679622564,0.163182017355472,0.135849564427859,0.195139702339968,0.479785490643181,1.0479967923059,3,0.0327312102386725
142,C9H18,-45.9608538,126.27,1,2,0,9,0,0,0,0,0,0,0.232638888888889,0.300204081632653,-0.00750155370339801,0.109107988396206,0.31844726708716,1.0,0.0,0.142857142857142,0.499999999999998,0.0503913937250157,0.0,0.0302222222222222,0.0,0.000578046883562977,0.0,0.0,-1.7816534525312,-1.0,0.0,0.0,0.0,0.0,0.0,0.0,0.0,1.34288971489898,0.203902419013917,0.449642518456056,-0.164001248193805,-0.263654434980455,0.00353242496378023,0.195139702339968,0.451904246921151,0.89092052107677,3,0.0229977529856704
143,C9H18,-50.6931726,126.27,3,0,0,9,0,0,0,0,0,0,0.34375,0.381111111111111,-0.00815310013651492,0.0821332133044574,0.268245951374788,1.0,0.499999999999999,0.0,0.0,0.297515102784634,0.0,0.0555555555555556,0.0,0.0,0.0,0.0,-1.53208888623796,-1.53208888623795,0.0,0.0,0.0,0.0,0.0,0.0,0.0,0.533373196198066,0.0,0.509995532251151,-0.0561667659875191,0.021863729865955,-0.0287203601441088,0.320344690829835,0.462596516451278,2.30043870462834,3,0.015268493388537
144,C10H8,68.355716,128.18,0,0,0,0,1,0,0,1,1,0,0.356481481481482,0.12037037037037,0.0064142909708672,0.0904680911552886,0.306090945127707,1.0,0.687499999999999,1.25,0.0,-0.234942074776995,0.0,0.015,0.0,0.0,0.0,0.0,-1.54609086883674,-0.927050983124842,0.0,0.0,0.0,0.0,0.0,0.0,-0.3153841605543,0.736337829156019,0.0363874432262064,0.523161828915082,0.109383546842944,0.237248358544382,0.00101506861028779,1.0,0.53205911385712,1.37533421290847,2,0.0219895992331691
145,C10H8,35.970403,128.18,0,0,0,0,1,0,0,0,0,0,0.356481481481481,0.12037037037037,0.0064142909708672,0.0890960223433741,0.31318277437996,1.0,0.349999999999999,1.25,0.0,-0.180266574838834,0.0,0.0474074074074074,0.0,0.0,0.0,0.0,-1.11490754147676,-0.927050983124842,0.0,0.0,0.0,0.0,0.0,0.0,-0.5,0.00231426481467271,0.0,0.0241999259170162,-0.198285911678189,0.0574307550525123,0.210644196452553,1.0,0.538112822722026,1.2491835997145,2,0.0236581426805788
146,C10H10,50.8604768,130.2,2,2,2,0,0,0,0,0,0,0,0.522592592592593,0.660593348450492,0.00720545284472335,0.0919627825494395,0.330811466400675,1.0,0.25,-0.5,0.0,-0.240301575426319,0.0,0.0637037037037037,0.0,0.0,0.0,0.0,-1.48119430409202,-1.5,0.0,0.0,0.0,0.0,0.0,0.0,-0.499999999999999,1.16575293669382,0.0,0.0927739718649798,-0.483135459619266,0.219862322348303,0.17634639886017,0.187901824709108,0.519505072628176,0.975793877687104,2,0.0232063530617608
147,C10H10,31.692195599999998,130.2,1,0,1,2,1,0,0,1,0,1,0.711851851851852,0.240740740740741,0.00601901439189016,0.085469993227445,0.305699955211371,1.0,0.428571428571428,0.999999999999999,0.0,-0.261912583719384,0.0,0.0228703703703704,0.0,0.0,9.43266700348984,0.0414091402634713,-1.2308079411272,-1.15151942727648,0.0,0.0,0.0,0.0,0.0,0.0,-0.508538205459062,2.9496777601839,0.245129986674492,0.523396762235016,-0.125554564665279,0.267781543106467,-0.0224197925312222,0.219416495904485,0.484169184404768,1.34709374707636,3,0.0315468058623326
148,C10H10,30.305960799999998,130.2,1,0,1,2,1,0,0,1,0,1,0.351018518518519,0.259259259259259,0.00595612552276005,0.0858836490596562,0.295244803985539,1.0,0.0588235294117641,0.999999999999999,0.0,0.076497151322264,0.0,0.0428703703703704,0.0,0.0,8.2666475640583,0.855653117056078,-1.0,-1.28952488447033,0.0,0.0,0.0,0.0,0.0,0.0,-0.5,3.39444886816573,0.312340625453309,0.643462995299409,-0.298630074594587,0.48031069621558,-0.0268102258890659,0.219416495904485,0.488819701392866,0.996143002487077,3,0.0280555915675845
149,C10H12,6.2619571999999994,132.22,0,0,0,4,1,0,0,0,0,0,0.198240740740741,0.258425925925926,0.00529349121022684,0.0890960223433741,0.31318277437996,1.0,0.222222222222222,0.833333333333333,0.0,-0.269681939448476,0.0,0.0474074074074074,0.0,0.0,2.07972582701926,0.0,-1.11490754147676,-0.730503262941358,0.0,0.0,0.0,0.0,0.0,0.0,-0.5,3.33829095389536,0.0,0.323276895396063,-0.305456228223787,0.320806681248117,0.103984226323146,1.0,0.549694260907938,1.27932068530172,3,0.024206324305907
150,C10H14,-8.9388244,134.24,4,0,0,4,0,0,0,0,0,0,0.274907407407407,0.178240740740741,0.00605879739343248,0.0840997637852759,0.309590078156394,1.0,0.37142857142857,0.714285714285713,0.0,-0.566540187784327,0.0,0.0874074074074074,0.0,0.0,3.55031406231338,0.0,-1.48119430409201,-1.42788067020452,0.0,0.0,0.0,0.0,0.0,0.0,-0.5,2.3087986894217,0.0182754697789679,0.492121194352021,-0.188449652908337,0.368984501761459,0.0460262219805018,0.179052231751041,0.546089546744676,1.83188485305085,3,0.0256604907964047
151,C10H14,-5.2820326,134.24,3,1,0,4,0,0,0,0,0,0,0.957083333333334,0.224537037037037,0.00613380846088032,0.0977916027634997,0.27742736942483,1.0,0.028571428571428,0.714285714285713,0.0,0.00102451843536988,0.0,0.0355555555555556,0.0,0.0,5.88235294117647,0.0,-1.0,-1.0,0.0,0.0,0.0,0.0,0.0,0.0,-0.61308954983194,4.46935461764893,0.379981304694149,0.38650536247824,-0.357136400412039,0.00152378019019878,0.0645664481978332,0.358104463502083,0.543094436509286,1.05676438656547,3,0.0235768225421847
152,C10H14,-10.946474799999999,134.24,4,0,0,4,0,0,0,0,0,0,0.274907407407407,0.240740740740741,0.00605879739343248,0.0876019026262364,0.286851709182133,1.0,0.028571428571428,0.714285714285713,0.0,-0.437450179903262,0.0,0.100740740740741,0.0,0.0,7.10062812462675,0.0,-1.47283390899526,-1.5,0.0,0.0,0.0,0.0,0.0,0.0,-0.5,0.000878469019480247,0.0,0.485845663449805,-0.340516217814015,0.251935098393514,0.0316768106393453,1.0,0.62687793028204,1.62565587565943,3,0.0285093930626007
153,C10H14,-6.9311739999999995,134.24,3,1,0,4,0,0,0,0,0,0,0.68,0.212962962962963,0.00601901439189016,0.0905709558170685,0.289668750433613,1.0,0.0571428571428568,-0.657142857142857,0.714285714285713,-0.225130170395197,0.0,0.0637037037037037,0.0,0.0,4.41176470588235,0.0,-1.24816001370738,-1.43999012788815,0.0,0.0,0.0,0.0,0.0,0.0,-0.590575422178781,2.29510984107695,0.305680056538569,0.42202678977076,-0.309649320507083,0.0920964114124308,0.0333958874761416,0.227791729996295,0.394886038378085,0.744029306645989,3,0.0246118719930759
154,C10H14,-3.0353762,134.24,1,3,0,4,0,0,0,0,0,0,0.266527777777778,0.225138888888889,0.00575085738118445,0.108101428999029,0.326987740854068,1.0,-0.188571428571429,-0.0428571428571432,0.142857142857142,-0.116644982177463,0.0,0.0251851851851852,0.0277777777777778,0.0,1.47058823529412,0.0,-1.23117757644239,-1.44221984471547,0.0,0.0,0.0,0.0,0.0,0.0,-0.775214378389205,6.32687601491194,0.188445399676838,0.518902076026306,-0.224818973756739,0.268538674937877,0.0863663290742265,1.0,0.397601167885891,0.697417409160886,3,0.0302528274324425
155,C10H14,-4.397710399999999,134.24,2,2,0,4,0,0,0,0,0,0,0.623888888888889,0.259259259259259,0.00591635163666751,0.101222163558583,0.327376097851307,1.0,-0.0441558441558446,0.257142857142856,0.714285714285713,-0.212811951146981,0.0,0.0273015873015873,0.0,0.0,2.94117647058824,0.0,-1.37251472628643,-1.42117769301994,0.0,0.0,0.0,0.0,0.0,0.0,-0.68275657556775,5.37652096933319,0.0237184818237159,0.476759629789484,-0.296768870014556,0.116004979382029,0.0353289940559926,0.179052231751041,0.402449663368241,0.731034153297641,3,0.0362624275802354
156,C10H14,-5.2342314,134.24,2,2,0,4,0,0,0,0,0,0,0.567222222222222,0.243055555555556,0.00591635163666751,0.103897697741816,0.292342628011267,1.0,-0.104761904761905,0.0612244897959177,0.714285714285713,0.195157630491216,0.0,0.0444444444444445,0.0,0.0,1.47058823529412,0.0,-1.0,-1.26510684214395,0.0,0.0,0.0,0.0,0.0,0.0,-0.734126055963873,5.28671445001791,0.332905284775347,0.395149559587405,-0.364610144852894,0.171523001539271,0.0714612555825904,0.203909540605051,0.510683840747411,0.913968733330043,3,0.0288847046046269
157,C10H14,-10.70029862,134.24,4,0,0,4,0,0,0,0,0,0,0.305,0.224537037037037,0.00605879739343248,0.0815417950185217,0.286071106415034,1.0,0.45054945054945,0.714285714285713,0.0,-0.231887090431971,0.0,0.074920634920635,0.0,0.0,7.22678465054867,0.0,-1.53208888623796,-1.46345547324423,0.0,0.0,0.0,0.0,0.0,0.0,-0.500000000000001,1.33290907823981,0.08091398611912,0.412382361254934,-0.22125884816591,0.292626975779965,0.041418123089988,1.0,0.475188997774718,2.08973707814061,3,0.0246123109936601
158,C10H14,25.30117516,134.24,1,1,2,6,3,0,0,0,0,0,0.538194444444445,0.869212962962963,0.00513934588760243,0.0790463351723736,0.316409967226497,1.0,0.0476190476190469,0.714285714285713,0.0,-0.00676383926415777,0.0,0.0604444444444445,0.0,0.0,5.02090229760749,0.0,-1.0,-0.907666358779061,0.0,0.0,0.0,0.0,0.0,0.0,-0.843230274424459,0.777410436214569,0.157050666856077,-0.508680049877027,-0.419812897470204,0.283064725665156,-0.115412189971524,0.179052231751041,0.487755351699081,0.772380959442767,3,0.0328914293245495
159,C10H14,25.39916762,134.24,1,1,2,6,3,0,0,0,0,0,0.538194444444445,0.869212962962963,0.00513934588760243,0.0790463351723736,0.316409967226497,1.0,0.0476190476190469,0.714285714285713,0.0,-0.00676383926415777,0.0,0.0604444444444445,0.0,0.0,5.02090229760749,0.0,-1.0,-0.907666358779061,0.0,0.0,0.0,0.0,0.0,0.0,-0.843230274424459,1.27549675758553,0.161774967667269,-0.540580280232148,-0.356673884729559,0.530729965890904,0.0177405035669825,0.192201157707262,0.470432531281354,0.784860541335831,3,0.0318379062090339
160,C10H16,6.7638698,136.26,3,0,1,8,2,0,1,0,0,0,0.612268518518519,0.434606481481482,0.00478547292312361,0.0682872005745763,0.270347324854599,1.0,0.625,0.0,0.0,-0.0167055151293432,0.0,0.0888888888888889,0.0,0.0,7.58044196820478,0.0414091402634713,-1.22793106096576,-1.0,0.0,0.0,0.0,0.0,0.0,0.0,-0.875972904054965,1.87193890740199,0.0628357473506079,0.0527901523004976,-0.182217801759525,0.664857383050519,0.0884467669414165,0.230462383133294,0.500229224211853,1.23782976638383,3,0.0266629011652729
161,C10H16,9.2495322,136.26,3,0,1,8,2,0,1,0,0,0,0.643518518518519,1.12872685185185,0.00489968734063958,0.0682872005745763,0.270347324854599,1.0,0.624999999999999,0.0,0.0,0.0049128934905453,0.0,0.0888888888888889,0.0,0.0,9.43266700348984,0.0414091402634713,-1.22793106096576,-1.0,0.0,0.0,0.0,0.0,0.0,0.0,-1.0,1.41596409094472,0.297137763559227,0.322020802331404,-0.575372772959815,0.534538863212221,0.0374370377042298,0.219209654061478,0.503019919538493,1.09624598455717,3,0.0293500188362786
162,C10H16,-4.9235236,136.26,3,1,2,6,0,0,0,0,0,0,0.593194444444445,0.28125,0.00545873283718619,0.0905709558170685,0.289668750433613,1.0,0.148333333333333,-0.675,0.624999999999999,-0.160714925408819,0.0,0.0637037037037037,0.0,0.0,13.5921186575284,0.0811715282907806,-1.24816001370738,-1.18239799640975,0.68,0.0,0.0,0.0,-0.68,-0.68,-0.866628875815529,2.17319187464495,0.287974231603341,0.491308853221262,-0.404031873449579,0.292665377737065,0.0699428228838574,0.197854535730362,0.454082601975788,0.793276818592425,3,0.0237729819206383
163,C10H16,-31.59898326,136.26,0,0,0,10,6,0,0,0,0,0,0.15625,0.104166666666667,0.00352628702406663,0.0680413817439771,0.273205080756888,1.0,0.624999999999999,0.0,0.0,0.114387736535728,0.0,0.0,0.0,0.0,0.0,0.0,-1.0,-1.0,0.0,0.0,0.0,0.0,0.0,0.0,-1.0,0.0,0.260055467773,0.110312541671884,-0.617583711267055,-1.17730077577145,0.0305729415214433,1.0,0.502482218170014,1.08689741483705,3,0.0206632744739776
164,C10H18,-43.522992599999995,138.28,0,0,0,10,1,0,0,0,0,0,0.178240740740741,0.0601851851851852,0.003750776851699,0.0890960223433741,0.31318277437996,1.0,0.166666666666666,0.555555555555555,0.0,-0.0957201049857515,0.0,0.0474074074074074,0.0,0.0,0.0,0.0,-1.11490754147676,-0.618033988749895,0.0,0.0,0.0,0.0,0.0,0.0,-1.0,0.0,0.0,0.281876024867158,-0.155457220757557,-0.332734606061032,-0.0140556497870224,1.0,0.517486618296805,1.30201028757164,3,0.0187265181201022
165,C10H18,-40.8222248,138.28,0,0,0,10,1,0,0,0,0,0,0.178240740740741,0.0601851851851852,0.003750776851699,0.0890960223433741,0.31318277437996,1.0,0.166666666666666,0.555555555555555,0.0,-0.0957201049857515,0.0,0.0474074074074074,0.0,0.0,0.0,0.0,-1.11490754147676,-0.618033988749895,0.0,0.0,0.0,0.0,0.0,0.0,-1.0,0.511314948739773,0.0,0.376068852065031,-0.465052881738174,-0.465316197230163,0.0166632174547267,1.0,0.528749819606586,1.12523745396279,3,0.0206096307242001
166,C10H20,-51.0755822,140.3,1,3,0,10,0,0,0,0,0,0,0.228055555555556,0.294470663265306,0.004139722675911,0.108101428999029,0.326987740854068,1.0,-0.0937500000000003,0.0,0.142857142857142,-0.0261939294955586,0.0,0.0251851851851852,0.0277777777777778,0.0742081864526084,0.0,0.0,-1.23117757644239,-1.0,0.0,0.0,0.0,0.0,0.0,0.0,-0.999999999999999,1.56830856864047,0.183036755904496,0.645250200955027,-0.193195294535697,-0.218181549271678,-0.00091332452491233,0.205547602202252,0.450294358388404,0.880544229601853,3,0.0227764250455072
167,C11H10,27.2705846,142.21,1,0,0,1,1,0,0,0,0,0,0.340277777777778,0.157407407407407,-0.003456297709971,0.0837792556778583,0.302455573458721,1.0,0.336363636363636,1.1,0.0,-0.158157583514565,0.0,0.0483950617283951,0.0,0.0,1.47058823529412,0.0,-0.902731453319717,-0.927050983124842,0.0,0.0,0.0,0.0,0.0,0.0,-0.230949008117021,2.37707233112592,0.266391081390577,0.11914467677919,-0.270069088683518,0.27711090602165,0.180043125211784,0.215011055865868,0.549903177024519,1.86087580988433,3,0.0269842110100247
168,C11H10,26.5535666,142.21,1,0,0,1,1,0,0,0,0,0,0.348981481481481,0.203703703703704,-0.003456297709971,0.0841807327484093,0.29903284104671,1.0,-0.125837320574163,0.336363636363636,1.1,-0.10014523553109,0.0,0.0694444444444445,0.0,0.0,1.47058823529412,0.0,-1.0,-0.927050983124843,0.0,0.0,0.0,0.0,0.0,0.0,-0.268492228147199,2.84165165172755,0.298950624169917,0.0311555020115285,-0.317390830063993,0.105205280288831,0.208975452367607,0.215011055865868,0.49498733492357,1.24780046856253,3,0.0263938422926637
169,C11H14,-1.8881474,146.25,1,0,0,5,1,0,0,0,0,0,0.541712962962963,0.331342592592593,-0.00292673897817704,0.0837792556778583,0.302455573458721,1.0,0.244588744588744,0.785714285714285,0.0,-0.187958093828912,0.0,0.0483950617283951,0.0,0.0,3.55031406231337,0.0,-0.902731453319717,-0.730385213219511,0.0,0.0,0.0,0.0,0.0,0.0,-0.482584086407371,3.47707582120223,0.225907483587573,0.339720520850689,-0.372141722704518,0.390652027406192,0.107077668932572,0.200769380412502,0.556866453828098,1.81547961301468,3,0.0247225614757876
170,C11H14,-0.3824096,146.25,2,0,0,5,1,0,0,1,0,1,0.822824074074075,0.332175925925926,-0.00303545219779534,0.0807089209183516,0.285900633213737,1.0,0.236263736263735,0.785714285714285,0.0,-0.103811751019499,0.0,0.03,0.0,0.0,7.96207876819573,0.0,-1.0,-1.0,0.0,0.0,0.0,0.0,0.0,0.0,-0.5,3.91587339864482,0.352344443917467,0.225900070582721,-0.595841700474371,0.336790981972397,0.118403046193337,0.200769380412502,0.510316663260976,1.36559843354924,3,0.0289700581285754
171,C11H16,-16.0612032,148.27,5,0,0,5,0,0,0,0,0,0,0.258703703703704,0.261574074074074,-0.00327843040267307,0.0761696348524333,0.300209440098047,1.0,0.290441176470587,0.687499999999999,0.0,-0.473961883660146,0.0,0.0795061728395062,0.0,0.0,5.75619641525455,0.0,-1.30277563773199,-1.42051444593382,0.0,0.0,0.0,0.0,0.0,0.0,-0.280776406404416,1.12270370418824,0.0338706355480813,0.51966846404049,-0.261596558347967,0.266339719243718,0.0446509144940275,0.215409154160217,0.590240311192984,2.25121424256713,3,0.0247561243983705
172,C11H18,-40.999089239999996,150.29,1,0,0,11,6,0,0,0,0,0,0.449652777777778,0.539166666666667,-0.00206388366468173,0.0636632763793958,0.257427612615053,1.0,0.611111111111111,0.0,0.0,0.194605701590911,0.0,0.0555555555555556,0.0,0.0,0.0,0.0,-1.0,-0.505971179150226,0.0,0.0,0.0,0.0,0.0,0.0,-0.394170170971328,0.881048038579414,0.259529284631581,0.310193001999221,-0.592759154660439,-1.10225441709074,-0.00577792495308084,0.467736119325971,0.483236330851129,0.996079305053143,3,0.0210999637029792
173,C11H18,-36.30023128,150.29,1,0,0,11,6,0,0,0,0,0,0.247407407407408,0.507037037037037,-0.00203827503412873,0.0667165509662193,0.284042864433763,1.0,0.227513227513227,0.61111111111111,0.0,-0.129393132274474,0.0,0.0684444444444445,0.0,0.0,0.0,0.0,-1.0,-0.60528112969625,0.0,0.0,0.0,0.0,0.0,0.0,-0.45619279709251,0.837829427810086,0.152619752373533,0.293988590653683,-0.456750322440778,-0.955759712423479,0.0306022163207319,1.0,0.483243575908792,0.995988385712652,3,0.0250239931151905
174,C11H20,-45.0048298,152.31,0,0,0,11,0,0,0,0,0,0,0.392361111111111,0.0625,-0.00209549438673879,0.0883883476483184,0.306002309434949,1.0,0.0697588126159546,0.239999999999999,0.549999999999998,-0.0842481035252121,0.0,0.0355555555555556,0.0,0.172251595193084,0.0,0.0,-1.0,-0.813606502648331,0.0,0.0,0.0,0.0,0.0,0.0,-0.732050807568877,0.29669576192826,0.0504514470065378,0.673591932102078,-0.240924155525871,-0.464173117469942,0.0199562214185332,0.167948778957042,0.49246933172992,0.909558008545026,3,0.0216829598328028
175,C12H8,62.0698582,152.2,0,0,1,0,3,0,0,1,0,2,0.324074074074074,0.178240740740741,0.00185277980015679,0.0724935199528874,0.299648668948613,1.0,0.785714285714285,1.5,0.0,-0.0138070911087286,0.0,0.0213888888888889,0.0,0.0,0.0,0.0,-0.599089091262819,-0.274367371022272,0.0,0.0,0.0,0.0,0.0,0.0,0.0612098246892364,0.50156676042898,0.0801130747786619,0.0582998323014606,-0.0258046965966936,0.496633368525279,-0.115725628635922,0.187901824709108,0.500972095769832,2.18557643000025,2,0.0226498215921865
176,C12H10,37.117631800000005,154.22,0,0,0,2,3,0,0,1,0,2,0.267175925925926,0.248842592592593,0.00171240610104561,0.0724935199528874,0.299648668948613,1.0,0.759999999999999,1.2,0.0,-0.155226206530464,0.0,0.0213888888888889,0.0,0.0,4.41176470588235,0.0,-0.599089091262819,-0.274367371022271,0.0,0.0,0.0,0.0,0.0,0.0,0.0612098246892377,1.82029537265681,0.0,0.360412608509088,-0.415515499079315,0.308833695071817,0.129333637083117,0.197861953425668,0.571331234260323,2.30288109835749,3,0.0224235968134319
177,C12H10,43.2122848,154.22,0,1,0,0,0,0,0,0,0,0,0.390648148148148,0.12037037037037,0.001941766248498,0.091359935883033,0.317521405645114,1.0,-0.10952380952381,0.14313725490196,0.466666666666665,-0.0342069432065444,0.0,0.00622222222222222,0.0,0.0,0.0,0.0,-1.0,-0.686140661634508,0.0,0.0,0.0,0.0,0.0,0.0,0.5,0.00151584957689823,0.0,0.252405649808934,-0.280474527473441,0.174020713819803,0.14850280090613,1.0,0.572735871073107,1.00795757403585,3,0.0326764355412279
178,C12H12,22.2753592,156.24,1,1,0,2,1,0,0,0,0,0,0.384092970521542,0.259259259259259,0.00182707074358932,0.0819983363932179,0.315462397120651,1.0,-0.142857142857143,-0.1,0.333333333333333,-0.26881132605198,0.0,0.0595555555555556,0.0277777777777778,0.0,1.47058823529412,0.0,-0.618033988749895,-0.671478525344399,0.0,0.0,0.0,0.0,0.0,0.0,-0.0381592716653798,4.58885673825167,0.167039034905002,-0.0724804246142252,-0.309470040017871,0.0607126712588483,0.229302305368185,0.203909540605051,0.452236955571375,1.1939733582166,3,0.0278271985692976
179,C12H12,22.7533712,156.24,1,1,0,2,1,0,0,0,0,0,0.387546296296297,0.196759259259259,0.00182707074358932,0.0836062805173535,0.316833750471365,1.0,-0.0270270270270277,0.529411764705882,0.999999999999999,-0.188656538430077,0.0,0.0396296296296296,0.0,0.0,1.47058823529412,0.0,-0.618033988749895,-0.656541069056833,0.0,0.0,0.0,0.0,0.0,0.0,-0.0905066527913004,3.85410450970249,0.168125739378206,0.0888173363985146,-0.203583488219002,0.161537828121222,0.176867483029379,0.179052231751041,0.454800276822771,2.16151429376586,3,0.0281619236690979
180,C12H12,25.99907268,156.24,2,0,0,2,1,0,0,0,0,0,0.324074074074074,0.162037037037037,0.00185277980015679,0.0788456982309188,0.292124223562066,1.0,0.441860465116278,0.999999999999999,0.0,0.0241337494381435,0.0,0.0451282051282051,0.0,0.0,4.41176470588235,0.0,-0.685561380973303,-0.306570705343017,0.0,0.0,0.0,0.0,0.0,0.0,-0.120937740085463,3.63760830325923,0.0,0.356367986042202,-0.123052730831868,0.394511273757069,0.194201245144811,0.179052231751041,0.604427845963215,2.44276426778224,3,0.0209051094659823
181,C12H12,18.69982944,156.24,2,0,0,2,1,0,0,0,0,0,0.332777777777778,0.240740740740741,0.00185277980015679,0.0794538217589553,0.29848014060353,1.0,-0.285714285714286,0.199999999999999,0.999999999999999,-0.294117758167254,0.0,0.0826666666666667,0.0,0.0,2.07972582701926,0.0,-1.0,-0.572783825100345,0.0,0.0,0.0,0.0,0.0,0.0,-0.171375743867,4.24771657269367,0.0,-0.000392381829082578,-0.408067922790458,0.180917651782759,0.217874384997629,1.0,0.586460352607112,1.44074631241777,3,0.0276634690864934
182,C12H14,65.99911684,158.26,0,0,3,6,2,0,1,0,0,0,0.711805555555556,0.444444444444444,0.00152075292448875,0.0707842712474619,0.294144677232761,1.0,0.485714285714285,0.857142857142856,0.0,-0.142646439106616,0.0,0.0284444444444444,0.0,0.0,5.63003988933263,0.0,-0.618033988749895,0.0,0.0,0.0,0.0,0.0,0.0,0.0,-0.21033196569278,1.53848830125849,0.000117405034115323,-0.270186494373293,-0.299370540935778,0.516035242379374,0.0906989641866487,0.331546258851544,0.539494333855245,1.21051174949793,3,0.026384134794838
183,C12H16,-4.326008600000001,160.28,0,1,0,6,0,0,0,0,0,0,0.472268518518519,0.273796296296296,0.00153647931612463,0.091359935883033,0.317521405645114,1.0,-0.131481481481482,0.0459770114942524,0.272727272727272,-0.0680932083962441,0.0,0.00622222222222222,0.0,0.0601525539084863,2.94117647058824,0.0,-1.0,-0.574214497513163,0.0,0.0,0.0,0.0,0.0,0.0,0.0,4.49583819702745,0.0151319256622769,0.363737031132394,-0.326057194330099,-0.0956351047713565,0.0606230583489742,0.232505123428425,0.401621895127364,0.65403035342967,3,0.0304675702430679
184,C12H18,-18.4990644,162.3,6,0,0,6,0,0,0,0,0,0,0.212407407407407,0.212407407407407,0.00176380995126079,0.0691120519920162,0.311419515303555,1.0,0.249999999999999,0.666666666666666,0.0,-0.535730356580356,0.0,0.0755555555555556,0.0,0.0,4.41176470588235,0.0,-1.30277563773199,-1.37228132326902,0.0,0.0,0.0,0.0,0.0,0.0,-0.280776406404415,0.000996385643606953,0.0027365462084573,0.56505359897913,-0.257326177459683,0.234779904242954,0.0513604310712013,1.0,0.570541804081329,2.8996663913357,3,0.0221017698504285
185,C12H22,-51.5535942,166.34,0,1,0,12,0,0,0,0,0,0,0.195324074074074,0.0601851851851852,0.00113274476745477,0.091359935883033,0.317521405645114,1.0,-0.0698653198653203,0.0670995670995667,0.236363636363636,-0.0196694588965665,0.0,0.00622222222222222,0.0,0.172251595193086,0.0,0.0,-1.0,-0.506941916150187,0.0,0.0,0.0,0.0,0.0,0.0,0.0,0.0,0.0,0.39907659987673,-0.0179996750909003,-0.390120041403789,-0.00263135616215217,1.0,0.540078916339411,1.19946005068404,3,0.0167227514402599
186,C13H10,43.4273902,166.23,0,0,0,1,2,0,0,1,0,2,0.396481481481482,0.217592592592593,-0.000975864561854416,0.0734723852098719,0.301503257183421,1.0,0.000295857988165232,0.238461538461538,1.3,-0.0780627675820316,0.0,0.0211111111111111,0.0,0.0,10.2941176470588,0.0414091402634713,-0.696074479100614,0.38692276450853,0.0,0.0,0.0,0.0,0.0,0.0,0.500000000000001,0.387048544080058,0.0,0.767628385443941,-0.285377918182019,0.401320641237759,0.0139317333418117,0.18104259678004,0.558574821528127,1.34529022852822,3,0.0250369299677354
187,C13H12,36.7113216,168.25,0,2,0,1,0,0,0,0,0,0,0.470555555555556,0.159722222222222,-0.00102036407577857,0.0940354700662662,0.309526184739544,0.999999999999999,-0.0573152337858221,-0.13003663003663,0.0935143288084461,0.0470041319840328,0.0,0.0302222222222222,0.0121527777777778,0.0,10.2941176470588,0.0414091402634713,-0.704624368767128,0.0,0.0,0.0,0.0,0.0,0.0,0.0,0.5,0.0853526240006073,0.0948591042839483,0.0651341338198854,-0.245685229619051,0.357336654939065,0.127444098903055,1.0,0.533692802337708,1.04631489071879,3,0.0249139466433529
188,C14H10,54.8757776,178.24,0,0,0,0,2,0,0,0,0,0,0.35537037037037,0.240740740740741,0.000547784476022648,0.0750456658133898,0.303608863957805,1.0,-0.118367346938776,-0.108571428571429,0.44,-0.179299619072371,0.0,0.0634920634920635,0.0,0.0,0.0,0.0,-0.379333796201758,0.667562801868943,0.0,0.0,0.0,0.0,0.0,0.0,0.620614758428184,0.000277395623190474,0.0,-0.0109936367521641,-0.220212644645963,-0.108548056763593,0.361974493966068,1.0,0.550076766592828,1.33663812775824,2,0.0230535017778454
189,C14H10,49.0918324,178.24,0,0,0,0,2,0,0,0,0,0,0.35537037037037,0.178240740740741,0.000547784476022648,0.0746913001723383,0.307146603401527,1.0,-0.0357142857142861,0.230252100840336,0.6,-0.0970733640280125,0.0,0.0405555555555556,0.0,0.0,0.0,0.0,-0.414213562373095,1.02840815195731,0.0,0.0,0.0,0.0,0.0,0.0,0.591428837310077,0.393579424216499,0.0,0.0143185625090389,-0.329905191473641,0.0269118710855788,0.298658301786954,0.179052231751041,0.524157163271904,1.73646378943687,2,0.0193281926907113
190,C14H12,60.3012138,180.26,0,2,1,0,0,0,0,0,0,0,0.433932350718065,0.12037037037037,0.000570038165345103,0.0967110042494994,0.315850990421937,1.0,-0.0133928571428571,-0.129464285714286,-0.115646258503402,-0.114049330885218,0.0322499370118418,0.0302222222222222,0.00607638888888889,0.0,0.0,0.0,-0.414213562373096,0.973049379539339,0.0,0.0,0.0,0.0,0.0,0.0,0.5,0.679060897266239,0.000227942287241101,0.175811664892892,-0.216330275709553,0.228633607977703,0.100838721422674,0.175425063581955,0.45020374967901,1.61861794563815,3,0.0301129940343031
191,C14H12,56.4293166,180.26,0,2,1,0,0,0,0,0,0,0,0.433932350718065,0.12037037037037,0.000570038165345103,0.0967110042494994,0.315850990421937,1.0,-0.0133928571428571,-0.129464285714286,-0.115646258503402,-0.114049330885218,0.0322499370118418,0.0302222222222222,0.00607638888888889,0.0,0.0,0.0,-0.414213562373096,0.973049379539339,0.0,0.0,0.0,0.0,0.0,0.0,0.5,0.00137049217832651,0.0,0.249797603899561,-0.464681002482151,0.225213061715504,0.215254087072039,1.0,0.553506259255038,1.03674550907153,2,0.0243159558753259
192,C14H14,34.1539574,182.28,0,3,0,2,0,0,0,0,0,0,0.370185185185185,0.183472222222222,0.000534924896676148,0.0967110042494994,0.315850990421937,1.0,0.1,-0.0588235294117647,-0.142857142857143,-0.196929369254091,0.0322499370118418,0.0302222222222222,0.00607638888888889,0.160619485630736,2.94117647058824,0.0,-0.414213562373096,0.709703884408558,0.0,0.0,0.0,0.0,0.0,0.0,0.5,0.00076872312797379,0.0,0.434565445681407,-0.425245500144315,0.0968331759805749,0.142087115667688,1.0,0.504091365711478,0.974558244808286,3,0.024499395854424
